Havana,176,Pop,2017-09-09,40,1,CAMILA_CABELLO,Camila,1,1
Perfect,324,Pop,2017-10-07,74,1,ED_SHEERAN,Divide,1,2
Rockstar,351,R&B/Hip-hop,2017-10-07,187,1,POST_MALONE,beerbongs & bentleys,1,3
Finesse,141,Pop,2018-01-13,34,1,BRUNO_MARS,,3,4
Bad_At_Love,34,Pop,2017-09-23,92,1,HALSEY,hopeless fountain kingdom,5,5
Thunder,426,Rock,2017-05-20,95,1,IMAGINE_DRAGONS,Evolve,4,6
No_Limit,300,R&B/Hip-hop,2017-09-30,88,1,G-EAZY,,4,7
New_Rules,293,Pop,2017-08-19,71,1,DUA_LIPA,Dua Lipa,8,8
Too_Good_At_Goodbyes,428,Pop,2017-09-30,195,1,SAM_SMITH,The Thrill of it All,4,9
MotorSport,280,R&B/Hip-hop,2017-11-18,163,1,MIGOS,Culture II,6,10
Gucci_Gang,170,R&B/Hip-hop,2017-09-30,135,1,LIL_PUMP,Lil Pump,3,11
Love.,251,R&B/Hip-hop,2017-12-02,117,1,KENDRICK_LAMAR,DAMN.,11,12
Gummo,171,R&B/Hip-hop,2017-12-02,5,1,6IX9INE,Day69: Graduation Day,12,13
Let_You_Down,235,R&B/Hip-hop,2017-11-04,173,1,NF,Perception,14,14
Him_&_I,181,R&B/Hip-hop,2017-12-23,88,1,G-EAZY,The Beautiful & Damned,15,15
Bartier_Cardi,41,R&B/Hip-hop,2018-01-06,41,1,CARDI_B,Invasion of Privacy,14,16
Meant_To_Be,261,Pop,2017-11-11,20,1,BEBE_REXHA,All Your Fault: Pt. 2,17,17
End_Game,125,Pop,2017-12-09,208,1,TAYLOR_SWIFT,reputation,18,18
Bodak_Yellow,65,R&B/Hip-hop,2017-07-22,41,1,CARDI_B,Invasion of Privacy,1,19
I_Fall_Apart,189,R&B/Hip-hop,2017-10-14,187,1,POST_MALONE,Stoney,16,20
Shape_Of_You,362,Pop,2017-01-28,74,1,ED_SHEERAN,Divide,1,21
How_Long,186,Pop,2017-10-28,44,1,CHARLIE_PUTH,Voicenotes,22,22
Feel_It_Still,135,Pop,2017-07-08,186,1,PORTUGAL._THE_MAN,Woodstock,4,23
I_Get_The_Bag,190,R&B/Hip-hop,2017-09-09,90,1,GUCCI_MANE,Mr. Davis,11,24
Wolves,458,Pop,2017-11-11,198,1,SELENA_GOMEZ,,20,25
Believer,49,Rock,2017-02-25,95,1,IMAGINE_DRAGONS,Evolve,4,26
Plain_Jane,327,R&B/Hip-hop,2017-10-14,8,1,A$AP_FERG,Still Striving,26,27
Sorry_Not_Sorry,379,Pop,2017-07-29,62,1,DEMI_LOVATO,Tell Me You Love Me,6,28
Filthy,139,Pop,2018-01-20,110,1,JUSTIN_TIMBERLAKE,,9,29
Never_Be_The_Same,287,Pop,2018-01-13,40,1,CAMILA_CABELLO,Camila,30,30
What_Lovers_Do,451,Pop,2017-09-16,156,1,MAROON_5,Red Pill Blues,9,31
Young_Dumb_&_Broke,471,R&B/Hip-hop,2017-08-05,119,1,KHALID,American Teen,18,32
Sky_Walker,375,R&B/Hip-hop,2017-10-21,164,1,MIGUEL,War & Leisure,31,33
River,348,R&B/Hip-hop,2018-01-03,78,1,EMINEM,Revival,11,34
Marry_Me,258,Country,2017-12-23,213,1,THOMAS_RHETT,Life Changes,35,35
Roll_In_Peace,352,R&B/Hip-hop,2017-09-09,123,1,KODAK_BLACK,Project Baby 2,36,36
The_Way_Life_Goes,417,R&B/Hip-hop,2017-09-16,137,1,LIL_UZI_VERT,Luv Is Rage 2,24,37
Bank_Account,38,R&B/Hip-hop,2017-07-29,3,1,21_SAVAGE,Issa Album,12,38
Mi_Gente,264,Latin,2017-07-22,96,1,J_BALVIN,,3,39
Lemon,231,R&B/Hip-hop,2017-11-25,169,1,N*E*R*D,NO ONE EVER REALLY DIES,40,40
Lights_Down_Low,240,Pop,2017-10-28,159,1,MAX,Hell's Kitchen Angel,41,41
Let_Me_Go,234,Pop,2017-10-21,91,1,HAILEE_STEINFELD,,40,42
Ric_Flair_Drip,343,R&B/Hip-hop,2017-11-18,176,1,OFFSET,Without Warning,43,43
Attention,31,Pop,2017-05-13,44,1,CHARLIE_PUTH,Voicenotes,5,44
1-800-273-8255,4,R&B/Hip-hop,2017-05-20,143,1,LOGIC,Everybody,3,45
The_Weekend,419,R&B/Hip-hop,2017-08-19,206,1,SZA,Ctrl,29,46
The_Champion,408,Country,2018-01-27,42,1,CARRIE_UNDERWOOD,,47,47
Unforgettable,437,R&B/Hip-hop,2017-04-29,86,1,FRENCH_MONTANA,Jungle Rules,3,48
Yours,473,Country,2017-11-04,194,1,RUSSELL_DICKERSON,Yours,49,49
Silence,369,Pop,2017-09-02,157,1,MARSHMELLO,,30,50
Pills_And_Automobiles,326,R&B/Hip-hop,2017-09-30,46,1,CHRIS_BROWN,Heartbreak on a Full Moon,46,51
Like_I_Loved_You,241,Country,2017-10-14,33,1,BRETT_YOUNG,Brett Young,46,52
All_The_Stars,22,R&B/Hip-hop,2018-01-20,117,1,KENDRICK_LAMAR,Black Panther The Album,43,53
Good_Old_Days,164,R&B/Hip-hop,2017-11-18,151,1,MACKLEMORE,Gemini,54,54
Nowadays,308,R&B/Hip-hop,2018-01-20,136,1,LIL_SKIES,,55,55
Round_Here_Buzz,353,Country,2017-10-14,80,1,ERIC_CHURCH,Mr. Misunderstood,56,56
Echame_La_Culpa,118,Latin,2017-12-09,146,1,LUIS_FONSI,,47,57
This_Is_Me,423,Musical,2018-01-13,114,1,KEALA_SETTLE,The Greatest Showman,58,58
Written_In_The_Sand,461,Country,2017-12-09,177,1,OLD_DOMINION,Happy Endings,59,59
Stir_Fry,384,R&B/Hip-hop,2018-01-06,163,1,MIGOS,Culture II,60,60
Losing_Sleep,247,Country,2017-10-14,50,1,CHRIS_YOUNG,Losing Sleep,61,61
Rubbin_Off_The_Paint,354,R&B/Hip-hop,2017-11-25,228,1,YBN_NAHMIR,YBN: The Mixtape,46,62
Codeine_Dreaming,89,R&B/Hip-hop,2017-12-16,123,1,KODAK_BLACK,Project Baby 2: All Grown Up,52,63
Keke,216,R&B/Hip-hop,2018-01-27,5,1,6IX9INE,Day69: Graduation Day,64,64
Greatest_Love_Story,166,Country,2017-09-23,127,1,LANCO,Hallelujah Nights,45,65
Pick_It_Up,325,R&B/Hip-hop,2017-12-02,81,1,FAMOUS_DEX,,66,66
La_Modelo,225,Latin,2018-01-06,178,1,OZUNA_x_CARDI_B,Aura,52,67
You_Broke_Up_With_Me,468,Pop,2017-11-18,223,1,WALKER_HAYES,boom.,67,68
Red_Roses,339,R&B/Hip-hop,2018-01-20,136,1,LIL_SKIES,Life of a Dark Rose,69,69
Rewrite_The_Stars,342,Pop,2018-01-13,233,1,ZAC_EFRON,The Greatest Showman,70,70
Outside_Today,318,R&B/Hip-hop,2018-01-27,232,1,YOUNGBOY_NEVER_BROKE_AGAIN,Until Death Call My Name Reloaded,71,71
Tell_Me_You_Love_Me,402,Pop,2017-12-23,62,1,DEMI_LOVATO,Tell Me You Love Me,53,72
Kooda,223,R&B/Hip-hop,2017-12-23,5,1,6IX9INE,Day69: Graduation Day,50,73
Candy_Paint,81,R&B/Hip-hop,2017-11-11,187,1,POST_MALONE,beerbongs & bentleys,50,74
Betrayed,53,R&B/Hip-hop,2017-12-02,139,1,LIL_XAN,Total Xanarchy,67,75
Heaven,178,Country,2018-01-13,111,1,KANE_BROWN,Kane Brown,70,76
One_Foot,314,Pop,2018-01-13,222,1,WALK_THE_MOON,,77,77
No_Smoke,301,R&B/Hip-hop,2017-12-30,232,1,YOUNGBOY_NEVER_BROKE_AGAIN,Al YoungBoy,73,78
MIC_Drop,266,K-pop,2017-12-16,36,1,BTS,Love Yourself 'Answer',28,79
My_My_My!,282,Pop,2018-01-27,219,1,TROYE_SIVAN,Bloom,80,80
Best_Friend,50,Pop,2018-01-13,204,1,SOFI_TUKKER,Treehouse,81,81
Ill_Name_The_Dogs,197,Country,2017-09-30,28,1,BLAKE_SHELTON,Texoma Shore,56,82
Five_More_Minutes,142,Country,2017-12-23,197,1,SCOTTY_McCREERY,Seasons Change,77,83
Tequila,404,Country,2018-01-27,55,1,DAN_+_SHAY,,84,84
Legends,230,Country,2017-12-30,116,1,KELSEA_BALLERINI,,79,85
Ice_Tray,201,R&B/Hip-hop,2018-01-03,188,1,QUAVO,Quality Control: Control The Streets Volume 1,74,86
Corazon,93,Latin,2018-01-13,152,1,MALUMA,F.A.M.E.,87,87
All_On_Me,21,Country,2018-01-13,65,1,DEVIN_DAWSON,Dark Horse,81,88
The_Greatest_Show,411,Musical,2018-01-13,94,1,HUGH_JACKMAN,The Greatest Showman,88,89
My_Dawg,281,R&B/Hip-hop,2017-12-30,131,1,LIL_BABY,Quality Control: Control The Streets Volume 1,71,90
Kings_Dead,220,R&B/Hip-hop,2018-01-27,102,1,JAY_ROCK,Redemption,91,91
IDGAF,202,Pop,2018-01-27,71,1,DUA_LIPA,Dua Lipa,92,92
Mayores,259,Pop,2017-11-18,21,1,BECKY_G,,74,93
Broken_Halos,75,Rock,2018-01-13,49,1,CHRIS_STAPLETON,From A Room: Volume 1,91,94
Krippy_Kush,224,Latin,2018-01-06,82,1,FARRUKO,TrapXficante,75,95
...Ready_For_It?,2,Pop,2017-09-23,208,1,TAYLOR_SWIFT,reputation,4,96
Never_Enough,288,Pop,2018-01-13,144,1,LOREN_ALLRED,The Greatest Showman,88,97
El_Bano,119,Latin,2018-01-27,79,1,ENRIQUE_IGLESIAS,,98,98
Beautiful_Trauma,46,Pop,2018-01-20,179,1,P!NK,Beautiful Trauma,95,99
Female,138,Country,2018-01-13,115,1,KEITH_URBAN,Graffiti U,93,100
Gods_Plan,159,R&B/Hip-hop,2018-02-03,70,2,DRAKE,Scorpion,1,1
Perfect,324,Pop,2017-10-07,74,2,ED_SHEERAN,Divide,1,2
Finesse,141,Pop,2018-01-13,34,2,BRUNO_MARS,,3,3
Havana,176,Pop,2017-09-09,40,2,CAMILA_CABELLO,Camila,1,4
Rockstar,351,R&B/Hip-hop,2017-10-07,187,2,POST_MALONE,beerbongs & bentleys,1,5
Look_Alive,242,R&B/Hip-hop,2018-02-24,29,2,BLOCBOY_JB,,6,6
Meant_To_Be,261,Pop,2017-11-11,20,2,BEBE_REXHA,,7,7
New_Rules,293,Pop,2017-08-19,71,2,DUA_LIPA,Dua Lipa,6,8
All_The_Stars,22,R&B/Hip-hop,2018-01-20,117,2,KENDRICK_LAMAR,Black Panther The Album,9,9
Stir_Fry,384,R&B/Hip-hop,2018-01-06,163,2,MIGOS,Culture II,8,10
Pray_For_Me,331,R&B/Hip-hop,2018-02-17,212,2,THE_WEEKND,Black Panther The Album,7,11
Let_You_Down,235,R&B/Hip-hop,2017-11-04,173,2,NF,Perception,12,12
Love.,251,R&B/Hip-hop,2017-12-02,117,2,KENDRICK_LAMAR,DAMN.,11,13
Him_&_I,181,R&B/Hip-hop,2017-12-23,88,2,G-EAZY,The Beautiful & Damned,14,14
Thunder,426,Rock,2017-05-20,95,2,IMAGINE_DRAGONS,Evolve,4,15
Bad_At_Love,34,Pop,2017-09-23,92,2,HALSEY,hopeless fountain kingdom,5,16
The_Middle,413,Pop,2018-02-10,235,2,ZEDD,,17,17
MotorSport,280,R&B/Hip-hop,2017-11-18,163,2,MIGOS,Culture II,6,18
I_Fall_Apart,189,R&B/Hip-hop,2017-10-14,187,2,POST_MALONE,Stoney,16,19
No_Limit,300,R&B/Hip-hop,2017-09-30,88,2,G-EAZY,,4,20
How_Long,186,Pop,2017-10-28,44,2,CHARLIE_PUTH,Voicenotes,21,21
Mine,268,R&B/Hip-hop,2018-02-03,19,2,BAZZI,COSMIC,22,22
Bartier_Cardi,41,R&B/Hip-hop,2018-01-06,41,2,CARDI_B,Invasion of Privacy,14,23
Shape_Of_You,362,Pop,2017-01-28,74,2,ED_SHEERAN,Divide,1,24
Bodak_Yellow,65,R&B/Hip-hop,2017-07-22,41,2,CARDI_B,Invasion of Privacy,1,25
Wolves,458,Pop,2017-11-11,198,2,SELENA_GOMEZ,,20,26
Lights_Down_Low,240,Pop,2017-10-28,159,2,MAX,Hell's Kitchen Angel,27,27
Gummo,171,R&B/Hip-hop,2017-12-02,5,2,6IX9INE,Day69: Graduation Day,12,28
Never_Be_The_Same,287,Pop,2018-01-13,40,2,CAMILA_CABELLO,Camila,27,29
Feel_It_Still,135,Pop,2017-07-08,186,2,PORTUGAL._THE_MAN,Woodstock,4,30
Say_Something,359,Pop,2018-02-10,110,2,JUSTIN_TIMBERLAKE,,9,31
Young_Dumb_&_Broke,471,R&B/Hip-hop,2017-08-05,119,2,KHALID,American Teen,18,32
Sky_Walker,375,R&B/Hip-hop,2017-10-21,164,2,MIGUEL,War & Leisure,29,33
Plain_Jane,327,R&B/Hip-hop,2017-10-14,8,2,A$AP_FERG,Still Striving,26,34
River,348,R&B/Hip-hop,2018-01-03,78,2,EMINEM,Revival,11,35
Marry_Me,258,Country,2017-12-23,213,2,THOMAS_RHETT,Life Changes,35,36
Outside_Today,318,R&B/Hip-hop,2018-01-27,232,2,YOUNGBOY_NEVER_BROKE_AGAIN,Until Death Calls My Name Reloaded,37,37
Kings_Dead,220,R&B/Hip-hop,2018-01-27,102,2,JAY_ROCK,Redemption,38,38
Too_Good_At_Goodbyes,429,Pop,2017-09-30,195,2,SAM_SMITH,The Thrill Of It All,4,39
Sorry_Not_Sorry,379,Pop,2017-07-29,62,2,DEMI_LOVATO,Tell Me You Love Me,6,40
Ric_Flair_Drip,343,R&B/Hip-hop,2017-11-18,176,2,OFFSET,Without Warning,39,41
Gucci_Gang,170,R&B/Hip-hop,2017-09-30,135,2,LIL_PUMP,Lil Pump,3,42
Wait,443,Pop,2018-02-03,156,2,MAROON_5,Red Pill Blues,43,43
I_Get_The_Bag,190,R&B/Hip-hop,2017-09-09,90,2,GUCCI_MANE,Mr. Davis,11,44
1-800-273-8255,4,R&B/Hip-hop,2017-05-20,143,2,LOGIC,Everybody,3,45
Lemon,231,R&B/Hip-hop,2017-11-25,169,2,N*E*R*D,NO ONE EVER REALLY DIES,40,46
You_Make_It_Easy,469,Country,2018-02-10,100,2,JASON_ALDEAN,,28,47
Let_Me_Go,234,Pop,2017-10-21,91,2,HAILEE_STEINFELD,,40,48
X,462,R&B/Hip-hop,2018-02-24,196,2,SCHOOLBOY_Q,Black Panther The Album,49,49
Roll_In_Peace,352,R&B/Hip-hop,2017-09-09,123,2,KODAK_BLACK,Project Baby Two,31,50
Five_More_Minutes,142,Country,2017-12-23,197,2,SCOTTY_McCREERY,Seasons Change,51,51
Walk_It_Talk_It,446,R&B/Hip-hop,2018-02-10,163,2,MIGOS,Culture II,18,52
Pills_And_Automobiles,326,R&B/Hip-hop,2018-02-10,46,2,CHRIS_BROWN,Heartbreak on a Full Moon,53,53
Good_Old_Days,164,R&B/Hip-hop,2017-11-18,151,2,MACKLEMORE,Gemini,53,54
Written_In_The_Sand,461,Country,2017-12-09,177,2,OLD_DOMINION,Happy Endings,51,55
El_Farsante,120,Latin,2018-02-10,178,2,OZUNA,Odisea,49,56
Heaven,178,Country,2018-01-13,111,2,KANE_BROWN,Kane Brown,57,57
Narcos,283,R&B/Hip-hop,2018-02-10,163,2,MIGOS,Culture II,36,58
Broken_Halos,75,Rock,2018-01-13,49,2,CHRIS_STAPLETON,From A Room: Volume 1,59,59
Pick_It_Up,325,R&B/Hip-hop,2017-12-02,81,2,FAMOUS_DEX,,57,60
Dura,116,R&B/Hip-hop,2018-02-17,54,2,DADDY_YANKEE,,61,61
Plug_Walk,328,R&B/Hip-hop,2018-02-24,193,2,RICH_THE_KID,The World Is Yours,62,62
The_Ways,418,R&B/Hip-hop,2018-02-24,120,2,KHALID_&_SWAE_LEE,Black Panther The Album,63,63
Yours,473,Country,2017-11-04,194,2,RUSSELL_DICKERSON,Yours,49,64
End_Game,125,Pop,2017-12-09,208,2,TAYLOR_SWIFT,reputation,18,65
You_Broke_Up_With_Me,468,Country,2017-11-18,223,2,WALKER_HAYES,,62,66
Paramedic!,321,R&B/Hip-hop,2018-02-24,203,2,SOB,Black Panther The Album,67,67
Legends,230,Country,2017-12-30,116,2,KELSEA_BALLERINI,Unapologetically,68,68
Betrayed,53,R&B/Hip-hop,2017-12-02,139,2,LIL_XAN,Total Xanarchy,64,69
Nowadays,308,R&B/Hip-hop,2018-01-20,136,2,LIL_SKIES,,55,70
Big_Shot,58,R&B/Hip-hop,2018-02-24,117,2,KENDRICK_LAMAR,Black Panther The Album,71,71
Friends,149,Pop,2018-02-24,157,2,MARSHMELLO,,72,72
All_On_Me,21,Country,2018-01-13,65,2,DEVIN_DAWSON,Dark Horse,73,73
Notice_Me,307,R&B/Hip-hop,2018-02-10,163,2,MIGOS,Culture II,52,74
Whatever_It_Takes,452,Rock,2018-02-17,95,2,IMAGINE_DRAGONS,Evolve,75,75
For_You_(Fifty_Shades_Freed),145,Pop,2018-02-24,130,2,LIAM_PAYNE,Fifty Shades Freed,76,76
Keke,216,R&B/Hip-hop,2018-01-27,5,2,6IX9INE,Day69: Graduation Day,43,77
No_Smoke,301,R&B/Hip-hop,2017-12-30,232,2,YOUNGBOY_NEVER_BROKE_AGAIN,Al YoungBoy,61,78
Echame_La_Culpa,118,Latin,2017-12-09,146,2,LUIS_FONSI,,47,79
Tell_Me_You_Love_Me,402,Pop,2017-12-23,62,2,DEMI_LOVATO,Tell Me You Love Me,53,80
Red_Roses,339,R&B/Hip-hop,2018-01-20,136,2,LIL_SKIES,Life of a Dark Rose,69,81
Most_People_Are_Good,279,Country,2018-02-10,147,2,LUKE_BRYAN,What Makes You Country,82,82
This_Is_Me,423,Musical,2018-01-13,114,2,KEALA_SETTLE,The Greatest Showman,58,83
Candy_Paint,81,R&B/Hip-hop,2017-11-11,187,2,POST_MALONE,beerbongs & bentleys,50,84
Hardaway,175,R&B/Hip-hop,2018-02-17,64,2,DEREZ_DE'SHON,,85,85
La_Modelo,225,Latin,2018-01-06,178,2,OZUNA,Aura,52,86
One_Foot,314,Pop,2018-01-13,222,2,WALK_THE_MOON,,65,87
Beautiful_Trauma,46,Pop,2018-01-20,179,2,P!NK,Beautiful Trauma,78,88
Singles_You_Up,372,Country,2018-02-17,106,2,JORDAN_DAVIS,Home State,89,89
Filthy,139,Pop,2018-01-20,110,2,JUSTIN_TIMBERLAKE,,9,90
Black_Panther,62,R&B/Hip-hop,2018-02-24,117,2,KENDRICK_LAMAR,Black Panther The Album,91,91
At_The_Club,29,R&B/Hip-hop,2018-02-17,98,2,JACQUEES,,92,92
Codeine_Dreaming,89,R&B/Hip-hop,2017-12-16,123,2,KODAK_BLACK,Project Baby 2: All Grown Up,52,93
The_Long_Way,412,Country,2018-02-17,32,2,BRETT_ELDREDGE,Brett Eldredge,93,94
Rock,349,R&B/Hip-hop,2018-02-17,185,2,PLIES,,95,95
I_Like_Me_Better,193,Pop,2018-02-24,129,2,LAUV,I met you when I was 18. (the playlist),96,96
When_We,454,R&B/Hip-hop,2018-02-24,207,2,TANK,SAVAGE,97,97
Criminal,95,Latin,2018-02-17,172,2,NATTI_NATASHA,,95,98
IDGAF,20,Pop,2018-01-27,71,2,DUA_LIPA,Dua Lipa,88,99
Rewrite_The_Stars,342,Pop,2018-01-13,233,2,ZAC_EFRON,The Greatest Showman,70,100
Gods_Plan,159,R&B/Hip-hop,2018-02-03,70,3,DRAKE,Scorpion,1,1
Meant_To_Be,261,Pop,2017-11-11,20,3,BEBE_REXHA,,2,2
Perfect,324,Pop,2017-10-07,74,3,ED_SHEERAN,Divide,1,3
Finesse,141,Pop,2018-01-13,34,3,BRUNO_MARS,,3,4
Psycho,334,R&B/Hip-hop,2018-03-10,187,3,POST_MALONE,beerbongs & bentleys,2,5
The_Middle,413,Pop,2018-02-10,235,3,ZEDD,,6,6
Sad!,356,R&B/Hip-hop,2018-03-17,227,3,XXXTENTACION,?,7,7
Havana,176,Pop,2017-09-09,40,3,CAMILA_CABELLO,Camila,1,8
Freaky_Friday,148,R&B/Hip-hop,2018-03-31,132,3,LIL_DICKY,,9,9
Pray_For_Me,331,R&B/Hip-hop,2018-02-17,212,3,THE_WEEKND,Black Panther The Album,7,10
Look_Alive,242,R&B/Hip-hop,2018-02-24,29,3,BLOCBOY_JB,,5,11
Stir_Fry,384,R&B/Hip-hop,2018-01-06,163,3,MIGOS,Culture II,8,12
Ric_Flair_Drip,343,R&B/Hip-hop,2017-11-18,176,3,OFFSET,Without Warning,13,13
All_The_Stars,22,R&B/Hip-hop,2018-01-20,117,3,KENDRICK_LAMAR,Black Panther The Album,7,14
Mine,268,R&B/Hip-hop,2018-02-03,19,3,BAZZI,COSMIC,15,15
New_Rules,293,Pop,2017-08-19,71,3,DUA_LIPA,Dua Lipa,6,16
Let_You_Down,235,R&B/Hip-hop,2017-11-04,173,3,NF,Perception,12,17
Rockstar,351,R&B/Hip-hop,2017-10-07,187,3,POST_MALONE,beerbongs & bentleys,1,18
Never_Be_The_Same,287,Pop,2018-01-13,40,3,CAMILA_CABELLO,Camila,16,19
Walk_It_Talk_It,446,R&B/Hip-hop,2018-02-10,163,3,MIGOS,Culture II,18,20
Him_&_I,181,R&B/Hip-hop,2017-12-23,88,3,G-EAZY,The Beautiful & Damned,14,21
Thunder,426,Rock,2017-05-20,95,3,IMAGINE_DRAGONS,Evolve,4,22
Plug_Walk,328,R&B/Hip-hop,2018-02-24,193,3,RICH_THE_KID,The World Is Yours,23,23
Whatever_It_Takes,452,Rock,2018-02-17,95,3,IMAGINE_DRAGONS,Evolve,24,24
I_Fall_Apart,189,R&B/Hip-hop,2017-10-14,187,3,POST_MALONE,Stoney,16,25
Lights_Down_Low,240,Pop,2017-10-28,159,3,MAX,Hell's Kitchen Angel,20,26
Kings_Dead,220,R&B/Hip-hop,2018-01-27,102,3,JAY_ROCK,Redemption,21,27
Friends,149,Pop,2018-02-24,157,3,MARSHMELLO,,28,28
Wait,443,Pop,2018-02-03,156,3,MAROON_5,Red Pill Blues,29,29
Heaven,178,Country,2018-01-13,111,3,KANE_BROWN,Kane Brown,30,30
Marry_Me,258,Country,2017-12-23,213,3,THOMAS_RHETT,Life Changes,30,31
Say_Something,359,Pop,2018-02-10,110,3,JUSTIN_TIMBERLAKE,,9,32
Bad_At_Love,34,Pop,2017-09-23,92,3,HALSEY,hopeless fountain kingdom,5,33
Feel_It_Still,135,Pop,2017-07-08,186,3,PORTUGAL._THE_MAN,Woodstock,4,34
Moonlight,277,R&B/Hip-hop,2018-03-31,227,3,XXXTENTACION,?,35,35
You_Make_It_Easy,469,Country,2018-02-10,100,3,JASON_ALDEAN,,28,36
Changes,84,R&B/Hip-hop,2018-03-17,227,3,XXXTENTACION,?,37,37
Bartier_Cardi,41,R&B/Hip-hop,2018-01-06,41,3,CARDI_B,Invasion of Privacy,14,38
Outside_Today,318,R&B/Hip-hop,2018-01-27,232,3,YOUNGBOY_NEVER_BROKE_AGAIN,Until Death Called My Name Reloaded,31,39
Lemon,231,R&B/Hip-hop,2017-11-25,169,3,N*E*R*D,,40,40
Wolves,458,Pop,2017-11-11,198,3,SELENA_GOMEZ,,20,41
Love.,251,R&B/Hip-hop,2017-12-02,117,3,KENDRICK_LAMAR,DAMN.,11,42
MotorSport,280,R&B/Hip-hop,2017-11-18,163,3,MIGOS,Culture II,6,43
No_Limit,300,R&B/Hip-hop,2017-09-30,88,3,G-EAZY,The Beautiful & Damned,4,44
New_Freezer,291,R&B/Hip-hop,2018-02-10,193,3,RICH_THE_KID,The World Is Yours,42,45
Young_Dumb_&_Broke,471,R&B/Hip-hop,2017-08-05,119,3,KHALID,American Teen,18,46
Most_People_Are_Good,279,Country,2018-02-10,147,3,LUKE_BRYAN,What Makes You Country,47,47
How_Long,186,Pop,2017-10-28,44,3,CHARLIE_PUTH,Voicenotes,21,48
Found_/_Tonight,146,Musical,2018-03-31,142,3,LIN-MANUEL_MIRANDA,,49,49
Sky_Walker,375,R&B/Hip-hop,2017-10-21,164,3,MIGUEL,War & Leisure,29,50
Powerglide,329,R&B/Hip-hop,2018-03-17,191,3,RAE_SREMMURD,SR3MM,51,51
All_On_Me,21,Country,2018-01-13,65,3,DEVIN_DAWSON,Dark Horse,52,52
Love_Lies,249,R&B/Hip-hop,2018-03-03,119,3,KHALID,,43,53
Dura,116,R&B/Hip-hop,2018-02-17,54,3,DADDY_YANKEE,,50,54
Broken_Halos,75,Rock,2018-01-13,49,3,CHRIS_STAPLETON,From A Room: Volume 1,45,55
Everyday,130,R&B/Hip-hop,2018-03-17,143,3,LOGIC,Bobby Tarantino II,29,56
Singles_You_Up,372,Country,2018-02-17,106,3,JORDAN_DAVIS,Home State,57,57
IDGAF,202,Pop,2018-01-27,71,3,DUA_LIPA,Dua Lipa,58,58
X,463,Latin,2018-03-17,175,3,NICKY_JAM,,59,59
Five_More_Minutes,142,Country,2017-12-23,197,3,SCOTTY_McCREERY,Seasons Change,44,60
Billy,61,R&B/Hip-hop,2018-03-10,5,3,6IX9INE,Day69: Graduation Day,50,61
Top_Off,430,R&B/Hip-hop,2018-03-17,68,3,DJ_KHALED,,22,62
Gummo,171,R&B/Hip-hop,2017-12-02,5,3,6IX9INE,Day69: Graduation Day,12,63
No_Excuses,299,Pop,2018-03-17,161,3,MEGHAN_TRAINOR,,46,64
Hardaway,175,R&B/Hip-hop,2018-02-17,64,3,DEREZ_DE'SHON,,65,65
Delicate,101,Pop,2018-03-24,208,3,TAYLOR_SWIFT,reputation,66,66
The_Remedy_For_A_Broken_Heart_(Why_Am_I_So_In_Love),414,R&B/Hip-hop,2018-03-31,227,3,XXXTENTACION,?,67,67
Zombie,476,Rock,2018-03-24,18,3,BAD_WOLVES,,54,68
El_Farsante,120,Latin,2018-02-10,178,3,OZUNA,Odisea,49,69
44_More,9,R&B/Hip-hop,2018-03-10,143,3,LOGIC,Bobby Tarantino II,22,70
Pick_It_Up,325,R&B/Hip-hop,2017-12-02,81,3,FAMOUS_DEX,,54,71
In_My_Blood,205,Pop,2018-03-31,199,3,SHAWN_MENDES,Shawn Mendes,72,72
Tell_Me_You_Love_Me,402,Pop,2017-12-23,62,3,DEMI_LOVATO,Tell Me You Love Me,53,73
The_Long_Way,412,Country,2018-02-17,32,3,BRETT_ELDREDGE,Brett Eldredge,74,74
Red_Roses,339,R&B/Hip-hop,2018-01-20,136,3,LIL_SKIES,Life of a Dark Rose,69,75
Betrayed,53,R&B/Hip-hop,2017-12-02,139,3,LIL_XAN,Total Xanarchy,64,76
NBAYoungboat,285,R&B/Hip-hop,2018-03-24,140,3,LIL_YACHTY,Lil Boat 2,63,77
When_We,454,R&B/Hip-hop,2018-02-24,207,3,TANK,SAVAGE,78,78
No_Smoke,301,R&B/Hip-hop,2017-12-30,232,3,YOUNGBOY_NEVER_BROKE_AGAIN,Al YoungBoy,61,79
I_Like_Me_Better,193,Pop,2018-02-24,129,3,LAUV,I met you when I was 18. (the playlist),80,80
Nowadays,308,R&B/Hip-hop,2018-01-20,136,3,LIL_SKIES,Life of a Dark Rose,55,81
Numb,310,R&B/Hip-hop,2018-03-31,227,3,XXXTENTACION,?,82,82
Infinity_(888),207,R&B/Hip-hop,2018-03-31,227,3,XXXTENTACION,?,83,83
One_Number_Away,316,Country,2018-03-31,148,3,LUKE_COMBS,This One's For You,84,84
I_Lived_It,194,Country,2018-03-17,28,3,BLAKE_SHELTON,Texoma Shore,85,85
Sit_Next_To_Me,373,Pop,2018-03-31,85,3,FOSTER_THE_PEOPLE,Sacred Hearts Club,86,86
Tequila,404,Country,2018-03-31,55,3,DAN_+_SHAY,,87,87
Narcos,283,R&B/Hip-hop,2018-02-10,163,3,MIGOS,Culture II,36,88
Booty,68,R&B/Hip-hop,2018-03-10,26,3,BLAC_YOUNGSTA,223,73,89
Shes_With_Me,365,Country,2018-03-10,93,3,HIGH_VALLEY,Dear Life,90,90
Sativa,358,R&B/Hip-hop,2018-03-31,103,3,JHENE_AIKO,Trip,91,91
Written_In_The_Sand,461,Country,2017-12-09,177,3,OLD_DOMINION,Happy Endings,51,92
Beautiful_Trauma,46,Pop,2018-01-20,179,3,P!NK,Beautiful Trauma,78,93
Tempo,403,R&B/Hip-hop,2018-03-31,46,3,CHRIS_BROWN,Heartbreak on a Full Moon,94,94
Going_Down!,161,R&B/Hip-hop,2018-03-31,227,3,XXXTENTACION,?,95,95
At_The_Club,29,R&B/Hip-hop,2018-02-17,98,3,JACQUEES,,86,96
Echame_La_Culpa,118,Latin,2017-12-09,146,3,LUIS_FONSI,,47,97
La_Modelo,225,Latin,2018-03-31,178,3,OZUNA,Aura,98,98
Dark_Knight_Dummo,99,R&B/Hip-hop,2018-03-10,218,3,TRIPPIE_REDD,,82,99
Everybody_Hates_Me,129,Pop,2018-03-31,210,3,THE_CHAINSMOKERS,Sick Boy,100,100
Nice_For_What,295,R&B/Hip-hop,2018-04-21,70,4,DRAKE,Scorpion,1,1
Gods_Plan,159,R&B/Hip-hop,2018-02-03,70,4,DRAKE,Scorpion,1,2
Meant_To_Be,261,Pop,2017-11-11,20,4,BEBE_REXHA,All Your Fault Pt. 2,2,3
Psycho,334,R&B/Hip-hop,2018-03-10,187,4,POST_MALONE,beerbongs & bentleys,2,4
The_Middle,413,Pop,2018-02-10,235,4,ZEDD,,5,5
Look_Alive,242,R&B/Hip-hop,2018-02-24,29,4,BLOCBOY_JB,,5,6
Perfect,324,Pop,2017-10-07,74,4,ED_SHEERAN,Divide,1,7
Freaky_Friday,148,R&B/Hip-hop,2018-03-31,132,4,LIL_DICKY,,8,8
I_Like_It,192,R&B/Hip-hop,2018-04-21,41,4,CARDI_B,Invasion of Privacy,8,9
Chun-Li,86,R&B/Hip-hop,2018-04-21,174,4,NICKI_MINAJ,Queen,10,10
Walk_It_Talk_It,446,R&B/Hip-hop,2018-02-10,163,4,MIGOS,Culture II,10,11
Finesse,141,Pop,2018-01-13,34,4,BRUNO_MARS,,3,12
Never_Be_The_Same,287,Pop,2018-01-13,40,4,CAMILA_CABELLO,Camila,13,13
Mine,268,R&B/Hip-hop,2018-02-03,19,4,BAZZI,COSMIC,11,14
Be_Careful,43,R&B/Hip-hop,2018-04-14,41,4,CARDI_B,Invasion of Privacy,11,15
Plug_Walk,328,R&B/Hip-hop,2018-02-24,193,4,RICH_THE_KID,The World Is Yours,13,16
Call_Out_My_Name,77,R&B/Hip-hop,2018-04-14,212,4,THE_WEEKND,"My Dear Melancholy,",4,17
Pray_For_Me,331,R&B/Hip-hop,2018-02-17,212,4,THE_WEEKND,Black Panther The Album,7,18
Havana,176,Pop,2017-09-09,40,4,CAMILA_CABELLO,Camila,1,19
Whatever_It_Takes,452,Rock,2018-02-17,95,4,IMAGINE_DRAGONS,Evolve,20,20
Friends,149,Pop,2018-02-24,157,4,MARSHMELLO,,21,21
Sad!,356,R&B/Hip-hop,2018-03-17,227,4,XXXTENTACION,?,7,22
Stir_Fry,384,R&B/Hip-hop,2018-01-06,163,4,MIGOS,Culture II,8,23
Esskeetit,127,R&B/Hip-hop,2018-04-28,135,4,LIL_PUMP,,24,24
Barbie_Tingz,40,R&B/Hip-hop,2018-04-21,174,4,NICKI_MINAJ,,25,25
Heaven,178,Country,2018-01-13,111,4,KANE_BROWN,Kane Brown,26,26
Rockstar,351,R&B/Hip-hop,2017-10-07,187,4,POST_MALONE,beerbongs & bentleys,1,27
Japan,211,R&B/Hip-hop,2018-04-07,81,4,FAMOUS_DEX,Dex Meets Dexter,28,28
You_Make_It_Easy,469,Country,2018-02-10,100,4,JASON_ALDEAN,,28,29
New_Rules,293,Pop,2017-08-19,71,4,DUA_LIPA,Dua Lipa,6,30
All_The_Stars,22,R&B/Hip-hop,2018-01-20,117,4,KENDRICK_LAMAR,Black Panther The Album,7,31
Ric_Flair_Drip,343,R&B/Hip-hop,2017-11-18,176,4,OFFSET,Without Warning,13,32
Drip,111,R&B/Hip-hop,2018-04-21,41,4,CARDI_B,Invasion of Privacy,21,33
Thunder,426,Rock,2017-05-20,95,4,IMAGINE_DRAGONS,Evolve,4,34
Powerglide,329,R&B/Hip-hop,2018-03-17,191,4,RAE_SREMMURD,SR3MM,34,35
Wait,443,Pop,2018-02-03,156,4,MAROON_5,Red Pill Blues,26,36
Let_You_Down,235,R&B/Hip-hop,2017-11-04,173,4,NF,Perception,12,37
In_My_Blood,205,Pop,2018-03-31,199,4,SHAWN_MENDES,Shawn Mendes,22,38
Feel_It_Still,135,Pop,2017-07-08,186,4,PORTUGAL._THE_MAN,Woodstock,4,39
Bartier_Cardi,41,R&B/Hip-hop,2018-01-06,41,4,CARDI_B,Invasion of Privacy,14,40
Say_Something,359,Pop,2018-02-10,110,4,JUSTIN_TIMBERLAKE,,9,41
I_Do,188,R&B/Hip-hop,2018-04-21,41,4,CARDI_B,Invasion of Privacy,23,42
Most_People_Are_Good,279,Country,2018-02-10,147,4,LUKE_BRYAN,What Makes You Country,43,43
Ring,347,R&B/Hip-hop,2018-04-21,41,4,CARDI_B,Invasion of Privacy,28,44
Lights_Down_Low,240,Pop,2017-10-28,159,4,MAX,Hell's Kitchen Angel,20,45
I_Fall_Apart,189,R&B/Hip-hop,2017-10-14,187,4,POST_MALONE,Stoney,16,46
Him_&_I,181,R&B/Hip-hop,2017-12-23,88,4,G-EAZY,The Beautiful & Damned,14,47
Cry_Pretty,96,Country,2018-04-28,42,4,CARRIE_UNDERWOOD,,48,48
Kings_Dead,220,R&B/Hip-hop,2018-01-27,102,4,JAY_ROCK,Redemption,21,49
Bad_At_Love,34,Pop,2017-09-23,92,4,HALSEY,hopeless fountain kingdom,5,50
Delicate,101,Pop,2018-03-24,208,4,TAYLOR_SWIFT,reputation,46,51
New_Freezer,291,R&B/Hip-hop,2018-02-10,193,4,RICH_THE_KID,The World Is Yours,41,52
No_Excuses,299,Pop,2018-03-17,161,4,MEGHAN_TRAINOR,,46,53
Love_Lies,249,R&B/Hip-hop,2018-03-03,119,4,KHALID,,43,54
X,463,Latin,2018-03-17,175,4,NICKY_JAM,,47,55
Marry_Me,258,Country,2017-12-23,213,4,THOMAS_RHETT,Life Changes,30,56
Tequila,404,Country,2018-03-31,55,4,DAN_+_SHAY,,57,57
Outside_Today,318,R&B/Hip-hop,2018-01-27,232,4,YOUNGBOY_NEVER_BROKE_AGAIN,Until Death Calls My Name Reloaded,31,58
Singles_You_Up,372,Country,2018-02-17,106,4,JORDAN_DAVIS,Home State,50,59
IDGAF,202,Pop,2018-01-27,71,4,DUA_LIPA,Dua Lipa,54,60
Diamond_Teeth_Samurai,103,R&B/Hip-hop,2018-04-21,232,4,YOUNGBOY_NEVER_BROKE_AGAIN,Until Death Calls My Name Reloaded,59,61
Bood_Up,67,R&B/Hip-hop,2018-04-14,76,4,ELLA_MAI,READY,62,62
Everyday,130,R&B/Hip-hop,2018-03-17,143,4,LOGIC,Bobby Tarantino II,29,63
One_Kiss,315,Pop,2018-04-21,39,4,CALVIN_HARRIS,,62,64
The_Long_Way,412,Country,2018-02-17,32,4,BRETT_ELDREDGE,Brett Eldredge,65,65
I_Lived_It,194,Country,2018-03-17,28,4,BLAKE_SHELTON,Texoma Shore,66,66
Best_Life,51,R&B/Hip-hop,2018-04-21,41,4,CARDI_B,Invasion of Privacy,39,67
Bickenhead,56,R&B/Hip-hop,2018-04-21,41,4,CARDI_B,Invasion of Privacy,43,68
Changes,84,R&B/Hip-hop,2018-03-17,227,4,XXXTENTACION,?,37,69
One_Number_Away,316,Country,2018-03-31,148,4,LUKE_COMBS,This One's For You,67,70
El_Farsante,120,Latin,2018-02-10,178,4,OZUNA,Odisea,49,71
Dura,116,R&B/Hip-hop,2018-02-17,54,4,DADDY_YANKEE,,50,72
Let_Me,233,Pop,2018-04-28,234,4,ZAYN,Icarus Falls,73,73
Zombie,476,Rock,2018-03-24,18,4,BAD_WOLVES,,54,74
Thru_Your_Phone,425,R&B/Hip-hop,2018-04-21,41,4,CARDI_B,Invasion of Privacy,50,75
Wasted_Times,448,R&B/Hip-hop,2018-04-14,212,4,THE_WEEKND,"My Dear Melancholy,",27,76
Get_Up_10,153,R&B/Hip-hop,2018-04-21,41,4,CARDI_B,Invasion of Privacy,38,77
Get_Along,152,Country,2018-04-21,118,4,KENNY_CHESNEY,Songs for the Saints,78,78
I_Like_Me_Better,193,Pop,2018-02-24,129,4,LAUV,I met you when I was 18. (the playlist),73,79
Sit_Next_To_Me,373,Pop,2018-03-31,85,4,FOSTER_THE_PEOPLE,Sacred Hearts Club,72,80
Woman_Amen,459,Country,2018-04-28,11,4,Dierks_Bentley,The Mountain,81,81
For_The_First_Time,144,Rock,2018-04-07,57,4,DARIUS_RUCKER,When Was The Last Time,82,82
This_Is_Me,423,Musical,2018-04-28,114,4,KEALA_SETTLE,The Greatest Showman,83,83
Guatemala,168,R&B/Hip-hop,2018-04-28,205,4,SWAE_LEE,SR3MM,84,84
Moonlight,277,R&B/Hip-hop,2018-03-31,227,4,XXXTENTACION,?,35,85
Up_Down,438,Country,2018-04-07,168,4,MORGAN_WALLEN,If I Know Me,83,86
Money_Bag,276,R&B/Hip-hop,2018-04-21,41,4,CARDI_B,Invasion of Privacy,58,87
Sativa,358,R&B/Hip-hop,2018-03-31,103,4,JHENE_AIKO,Trip,74,88
Anybody,25,R&B/Hip-hop,2018-04-28,231,4,YOUNG_THUG,Hear No Evil,89,89
She_Bad,363,R&B/Hip-hop,2018-04-21,41,4,CARDI_B,Invasion of Privacy,57,90
Billy,61,R&B/Hip-hop,2018-03-10,5,4,6IX9INE,Day69: Graduation Day,50,91
When_We,454,R&B/Hip-hop,2018-02-24,207,4,TANK,SAVAGE,78,92
Red_Roses,339,R&B/Hip-hop,2018-01-20,136,4,LIL_SKIES,Life of a Dark Rose,69,93
Top_Off,430,R&B/Hip-hop,2018-03-17,68,4,DJ_KHALED,,22,94
Shes_With_Me,365,Country,2018-03-10,93,4,HIGH_VALLEY,Dear Life,79,95
Get_You,154,R&B/Hip-hop,2018-04-28,56,4,DANIEL_CAESAR,Freudian,96,96
Broken_Clocks,74,R&B/Hip-hop,2018-04-14,206,4,SZA,Ctrl,82,97
Five_More_Minutes,142,Country,2017-12-23,197,4,SCOTTY_McCREERY,Seasons Change,44,98
Gotti,165,R&B/Hip-hop,2018-04-28,5,4,6IX9INE,Day69: Graduation Day,99,99
Hardaway,175,R&B/Hip-hop,2018-02-17,64,4,DEREZ_DE'SHON,,61,100
This_Is_America,421,R&B/Hip-hop,2018-05-19,45,5,CHILDISH_GAMBINO,,1,1
Nice_For_What,295,R&B/Hip-hop,2018-04-21,70,5,DRAKE,Scorpion,1,2
Gods_Plan,159,R&B/Hip-hop,2018-02-03,70,5,DRAKE,Scorpion,1,3
Psycho,334,R&B/Hip-hop,2018-03-10,187,5,POST_MALONE,beerbongs & bentleys,2,4
Meant_To_Be,261,Pop,2017-11-11,20,5,BEBE_REXHA,All Your Fault Pt. 2,2,5
The_Middle,413,Pop,2018-02-10,235,5,ZEDD,,5,6
No_Tears_Left_To_Cry,303,Pop,2018-05-05,14,5,ARIANA_GRANDE,Sweetener,3,7
Look_Alive,242,R&B/Hip-hop,2018-02-24,29,5,BLOCBOY_JB,,5,8
Never_Be_The_Same,287,Pop,2018-01-13,40,5,CAMILA_CABELLO,Camila,6,9
Perfect,324,Pop,2017-10-07,74,5,ED_SHEERAN,Divide,1,10
Bood_Up,67,R&B/Hip-hop,2018-04-14,76,5,ELLA_MAI,READY,11,11
Walk_It_Talk_It,446,R&B/Hip-hop,2018-02-10,163,5,MIGOS,Culture II,10,12
Freaky_Friday,148,R&B/Hip-hop,2018-03-31,132,5,LIL_DICKY,,8,13
Whatever_It_Takes,452,Rock,2018-02-17,95,5,IMAGINE_DRAGONS,Evolve,12,14
Heaven,178,Country,2018-01-13,111,5,KANE_BROWN,Kane Brown,15,15
Friends,149,Pop,2018-02-24,157,5,MARSHMELLO,,16,16
Mine,268,R&B/Hip-hop,2018-02-03,19,5,BAZZI,COSMIC,11,17
Pray_For_Me,331,R&B/Hip-hop,2018-02-17,212,5,THE_WEEKND,Black Panther The Album,7,18
Rockstar,351,R&B/Hip-hop,2017-10-07,187,5,POST_MALONE,beerbongs & bentleys,1,19
In_My_Blood,205,Pop,2018-03-31,199,5,SHAWN_MENDES,Shawn Mendes,20,20
I_Like_It,192,R&B/Hip-hop,2018-04-21,41,5,CARDI_B,Invasion of Privacy,8,21
Plug_Walk,328,R&B/Hip-hop,2018-02-24,193,5,RICH_THE_KID,The World Is Yours,13,22
Be_Careful,43,R&B/Hip-hop,2018-04-14,41,5,CARDI_B,Invasion of Privacy,11,23
Havana,176,Pop,2017-09-09,40,5,CAMILA_CABELLO,Camila,1,24
Wait,443,Pop,2018-02-03,156,5,MAROON_5,Red Pill Blues,25,25
Better_Now,55,R&B/Hip-hop,2018-05-12,187,5,POST_MALONE,beerbongs & bentleys,7,26
Sad!,356,R&B/Hip-hop,2018-03-17,227,5,XXXTENTACION,?,7,27
New_Rules,293,Pop,2017-08-19,71,5,DUA_LIPA,Dua Lipa,6,28
Chun-Li,86,R&B/Hip-hop,2018-04-21,174,5,NICKI_MINAJ,Queen,10,29
Finesse,141,Pop,2018-01-13,34,5,BRUNO_MARS,,3,30
Powerglide,329,R&B/Hip-hop,2018-03-17,191,5,RAE_SREMMURD,SR3MM,28,31
Call_Out_My_Name,77,R&B/Hip-hop,2018-04-14,212,5,THE_WEEKND,"My Dear Melancholy,",4,32
All_The_Stars,22,R&B/Hip-hop,2018-01-20,117,5,KENDRICK_LAMAR,Black Panther The Album,7,33
You_Make_It_Easy,469,Country,2018-02-10,100,5,JASON_ALDEAN,,28,34
One_Number_Away,316,Country,2018-03-31,148,5,LUKE_COMBS,This One's For You,35,35
Delicate,101,Pop,2018-03-24,208,5,TAYLOR_SWIFT,reputation,36,36
Ric_Flair_Drip,343,R&B/Hip-hop,2017-11-18,176,5,OFFSET,Without Warning,13,37
Te_Bote,401,R&B/Hip-hop,2018-05-05,43,5,CASPER_MAGICO,,38,38
One_Kiss,315,Pop,2018-04-21,39,5,CALVIN_HARRIS,,39,39
Japan,211,R&B/Hip-hop,2018-04-07,81,5,FAMOUS_DEX,Dex Meets Dexter,28,40
X,463,Latin,2018-03-17,175,5,NICKY_JAM,,41,41
Watch,449,R&B/Hip-hop,2018-05-19,217,5,TRAVIS_SCOTT,,16,42
Dura,116,R&B/Hip-hop,2018-02-17,54,5,DADDY_YANKEE,,43,43
Stir_Fry,384,R&B/Hip-hop,2018-01-06,163,5,MIGOS,Culture II,8,44
KOD,222,R&B/Hip-hop,2018-05-05,97,5,J._COLE,KOD,10,45
Shoota,366,R&B/Hip-hop,2018-05-26,184,5,PLAYBOI_CARTI,,46,46
Love_Lies,249,R&B/Hip-hop,2018-03-03,119,5,KHALID,,43,47
Tequila,404,Country,2018-03-31,55,5,DAN_+_SHAY,,48,48
Yes_Indeed,464,R&B/Hip-hop,2018-05-26,131,5,LIL_BABY,Harder Than Ever,49,49
Back_To_You,32,Pop,2018-05-26,198,5,SELENA_GOMEZ,13 Reasons Why,50,50
Ball_For_Me,37,R&B/Hip-hop,2018-05-12,187,5,POST_MALONE,beerbongs & bentleys,16,51
Overdose,320,R&B/Hip-hop,2018-05-12,232,5,YOUNGBOY_NEVER_BROKE_AGAIN,Until Death Call My Name Reloaded,47,52
Done_For_Me,109,Pop,2018-05-19,44,5,CHARLIE_PUTH,Voicenotes,53,53
Paranoid,322,R&B/Hip-hop,2018-05-12,187,5,POST_MALONE,beerbongs & bentleys,11,54
Rich_&_Sad,345,R&B/Hip-hop,2018-05-12,187,5,POST_MALONE,beerbongs & bentleys,14,55
Kings_Dead,220,R&B/Hip-hop,2018-01-27,102,5,JAY_ROCK,Redemption,21,56
Dame_Tu_Cosita,97,Pop,2018-05-05,75,5,EL_CHOMBO,,36,57
Esskeetit,127,R&B/Hip-hop,2018-04-28,135,5,LIL_PUMP,,24,58
IDGAF,202,Pop,2018-01-27,71,5,DUA_LIPA,Dua Lipa,54,59
Spoil_My_Night,382,R&B/Hip-hop,2018-05-12,187,5,POST_MALONE,beerbongs & bentleys,15,60
I_Like_Me_Better,193,Pop,2018-02-24,129,5,LAUV,I met you when I was 18. (the playlist),61,61
Up_Down,438,Country,2018-04-07,168,5,MORGAN_WALLEN,If I Know Me,62,62
ATM,30,R&B/Hip-hop,2018-05-05,97,5,J._COLE,KOD,6,63
Get_Along,152,Country,2018-04-21,118,5,KENNY_CHESNEY,Songs for the Saints,64,64
Stay,383,R&B/Hip-hop,2018-05-12,187,5,POST_MALONE,beerbongs & bentleys,17,65
OTW,317,R&B/Hip-hop,2018-05-05,119,5,KHALID,,57,66
No_Excuses,299,Pop,2018-03-17,161,5,MEGHAN_TRAINOR,,46,67
Kevins_Heart,217,R&B/Hip-hop,2018-05-05,97,5,J._COLE,KOD,8,68
Drip,111,R&B/Hip-hop,2018-04-21,41,5,CARDI_B,Invasion of Privacy,21,69
I_Lived_It,194,Country,2018-03-17,28,5,BLAKE_SHELTON,Texoma Shore,66,70
For_The_First_Time,144,Rock,2018-04-07,57,5,DARIUS_RUCKER,When Was The Last Time,71,71
Sit_Next_To_Me,373,Pop,2018-03-31,85,5,FOSTER_THE_PEOPLE,Sacred Hearts Club,72,72
New_Freezer,291,R&B/Hip-hop,2018-02-10,193,5,RICH_THE_KID,The World Is Yours,41,73
Lucid_Dreams,253,R&B/Hip-hop,2018-05-26,109,5,JUICE_WRLD,Goodbye & Good Riddance,74,74
Most_People_Are_Good,279,Country,2018-02-10,147,5,LUKE_BRYAN,What Makes You Country,43,75
Zombie,476,Rock,2018-03-24,18,5,BAD_WOLVES,,54,76
Me_Niego,260,Latin,2018-05-26,192,5,REIK,,77,77
Woman_Amen,459,Country,2018-04-28,11,5,Dierks_Bentley,The Mountain,78,78
Gucci_Flip_Flops,169,R&B/Hip-hop,2018-05-19,23,5,BHAD_BHABIE,15,79,79
Outside_Today,318,R&B/Hip-hop,2018-01-27,232,5,YOUNGBOY_NEVER_BROKE_AGAIN,Until Death Calls My Name Reloaded,31,80
Everyday,130,R&B/Hip-hop,2018-03-17,143,5,LOGIC,Bobby Tarantino II,29,81
Everythings_Gonna_Be_Alright,131,Country,2018-05-05,59,5,DAVID_LEE_MURPHY,No Zip Code,82,82
Singles_You_Up,372,Country,2018-02-17,106,5,JORDAN_DAVIS,Home State,50,83
Alone,23,Pop,2018-05-05,92,5,HALSEY,hopeless fountain kingdom,84,84
Sativa,358,R&B/Hip-hop,2018-03-31,103,5,JHENE_AIKO,Trip,74,85
Mercy,263,Country,2018-05-19,33,5,BRETT_YOUNG,Brett Young,86,86
Red_Roses,339,R&B/Hip-hop,2018-01-20,136,5,LIL_SKIES,Life of a Dark Rose,69,87
Moonlight,277,R&B/Hip-hop,2018-05-26,227,5,XXXTENTACION,?,88,88
Over_Now,319,R&B/Hip-hop,2018-05-12,187,5,POST_MALONE,beerbongs & bentleys,24,89
Zack_And_Codeine,474,R&B/Hip-hop,2018-05-12,187,5,POST_MALONE,beerbongs & bentleys,23,90
Lust,255,R&B/Hip-hop,2018-05-26,136,5,LIL_SKIES,Life of a Dark Rose,91,91
All_Girls_Are_The_Same,18,R&B/Hip-hop,2018-05-26,109,5,JUICE_WRLD,Goodbye & Good Riddance,92,92
Same_Bitches,357,R&B/Hip-hop,2018-05-12,187,5,POST_MALONE,beerbongs & bentleys,20,93
When_We,454,R&B/Hip-hop,2018-02-24,207,5,TANK,SAVAGE,78,94
Cry_Pretty,96,Country,2018-05-26,42,5,CARRIE_UNDERWOOD,,95,95
El_Farsante,120,Latin,2018-02-10,178,5,OZUNA,Odisea,49,96
Takin_Shots,395,R&B/Hip-hop,2018-05-12,187,5,POST_MALONE,beerbongs & bentleys,29,97
92_Explorer,12,R&B/Hip-hop,2018-05-12,187,5,POST_MALONE,beerbongs & bentleys,40,98
Beautiful_Crazy,45,Country,2018-05-19,148,5,LUKE_COMBS,This One's For You Too,58,99
Say_Something,359,Pop,2018-02-10,110,5,JUSTIN_TIMBERLAKE,,9,100
Sad!,356,R&B/Hip-hop,2018-03-17,227,6,XXXTENTACION,?,1,1
I_Like_It,192,R&B/Hip-hop,2018-04-21,41,6,CARDI_B,Invasion of Privacy,2,2
Nice_For_What,295,R&B/Hip-hop,2018-04-21,70,6,DRAKE,Scorpion,1,3
Lucid_Dreams,253,R&B/Hip-hop,2018-05-26,109,6,JUICE_WRLD,Goodbye & Good Riddance,4,4
Girls_Like_You,156,Pop,2018-06-09,156,6,MAROON_5,Red Pill Blues,4,5
Psycho,334,R&B/Hip-hop,2018-03-10,187,6,POST_MALONE,beerbongs & bentleys,1,6
Bood_Up,67,R&B/Hip-hop,2018-04-14,76,6,ELLA_MAI,READY,6,7
Gods_Plan,159,R&B/Hip-hop,2018-02-03,70,6,DRAKE,Scorpion,1,8
No_Tears_Left_To_Cry,303,Pop,2018-05-05,14,6,ARIANA_GRANDE,Sweetener,3,9
The_Middle,413,Pop,2018-02-10,235,6,ZEDD,,5,10
Meant_To_Be,261,Pop,2017-11-11,20,6,BEBE_REXHA,All Your Fault Pt. 2,2,11
Yes_Indeed,464,R&B/Hip-hop,2018-05-26,131,6,LIL_BABY,Harder Than Ever,6,12
Apeshit,26,R&B/Hip-hop,2018-06-30,209,6,THE_CARTERS,EVERYTHING IS LOVE,13,13
Friends,149,Pop,2018-02-24,157,6,MARSHMELLO,,11,14
Im_Upset,200,R&B/Hip-hop,2018-06-09,70,6,DRAKE,Scorpion,15,15
Moonlight,277,R&B/Hip-hop,2018-06-30,227,6,XXXTENTACION,?,16,16
This_Is_America,421,R&B/Hip-hop,2018-05-19,45,6,CHILDISH_GAMBINO,,1,17
Changes,84,R&B/Hip-hop,2018-06-30,227,6,XXXTENTACION,?,18,18
Jocelyn_Flores,213,R&B/Hip-hop,2018-06-30,227,6,XXXTENTACION,17,19,19
Mine,268,R&B/Hip-hop,2018-02-03,19,6,BAZZI,COSMIC,11,20
Perfect,324,Pop,2017-10-07,74,6,ED_SHEERAN,Divide,1,21
In_My_Blood,205,Pop,2018-03-31,199,6,SHAWN_MENDES,Shawn Mendes,11,22
Better_Now,55,R&B/Hip-hop,2018-05-12,187,6,POST_MALONE,beerbongs & bentleys,7,23
Walk_It_Talk_It,446,R&B/Hip-hop,2018-02-10,163,6,MIGOS,Culture II,10,24
Look_Alive,242,R&B/Hip-hop,2018-02-24,29,6,BLOCBOY_JB,,5,25
Never_Be_The_Same,287,Pop,2018-01-13,40,6,CAMILA_CABELLO,Camila,6,26
Delicate,101,Pop,2018-03-24,208,6,TAYLOR_SWIFT,reputation,25,27
Fuck_Love,150,R&B/Hip-hop,2018-06-30,227,6,XXXTENTACION,17,28,28
Be_Careful,43,R&B/Hip-hop,2018-04-14,41,6,CARDI_B,Invasion of Privacy,11,29
Whatever_It_Takes,452,Rock,2018-02-17,95,6,IMAGINE_DRAGONS,Evolve,12,30
Rockstar,351,R&B/Hip-hop,2017-10-07,187,6,POST_MALONE,beerbongs & bentleys,1,31
Plug_Walk,328,R&B/Hip-hop,2018-02-24,193,6,RICH_THE_KID,The World Is Yours,13,32
Back_To_You,32,Pop,2018-05-26,198,6,SELENA_GOMEZ,13 Reasons Why,22,33
Tequila,404,Country,2018-03-31,55,6,DAN_+_SHAY,,32,34
Heaven,178,Country,2018-01-13,111,6,KANE_BROWN,Kane Brown,15,35
Love_Lies,249,R&B/Hip-hop,2018-03-03,119,6,KHALID,,34,36
One_Kiss,315,Pop,2018-04-21,39,6,CALVIN_HARRIS,,30,37
Taste,399,R&B/Hip-hop,2018-06-09,221,6,TYGA,,38,38
Havana,176,Pop,2017-09-09,40,6,CAMILA_CABELLO,Camila,1,39
Te_Bote,401,R&B/Hip-hop,2018-05-05,43,6,CASPER_MAGICO,,36,40
New_Rules,293,Pop,2017-08-19,71,6,DUA_LIPA,Dua Lipa,6,41
Everybody_Dies_In_Their_Nightmares,128,R&B/Hip-hop,2018-06-30,227,6,XXXTENTACION,17,42,42
Bed,48,R&B/Hip-hop,2018-06-30,174,6,NICKI_MINAJ,Queen,43,43
Wait,443,Pop,2018-02-03,156,6,MAROON_5,Red Pill Blues,24,44
All_Girls_Are_The_Same,18,R&B/Hip-hop,2018-05-26,109,6,JUICE_WRLD,Goodbye & Good Riddance,41,45
Freaky_Friday,148,R&B/Hip-hop,2018-03-31,132,6,LIL_DICKY,,8,46
I_Like_Me_Better,193,Pop,2018-02-24,129,6,LAUV,I met you when I was 18. (the playlist),46,47
All_Mine,20,R&B/Hip-hop,2018-06-16,112,6,KANYE_WEST,ye,11,48
Youngblood,472,Pop,2018-06-16,4,6,5_SECONDS_OF_SUMMER,Youngblood,49,49
Get_Along,152,Country,2018-04-21,118,6,KENNY_CHESNEY,Songs for the Saints,48,50
Up_Down,438,Country,2018-04-07,168,6,MORGAN_WALLEN,If I Know Me,49,51
Chun-Li,86,R&B/Hip-hop,2018-04-21,174,6,NICKI_MINAJ,Queen,10,52
Bigger_Than_You,59,R&B/Hip-hop,2018-06-30,2,6,2_CHAINZ,,53,53
Simple,370,Country,2018-06-16,84,6,FLORIDA_GEORGIA_LINE,Can't Say I Ain't Country,54,54
DDU-DU_DDU-DU,100,K-pop,2018-06-30,27,6,BLACKPINK,SQUARE UP,55,55
IDGAF,202,Pop,2018-01-27,71,6,DUA_LIPA,Dua Lipa,49,56
One_Number_Away,316,Country,2018-03-31,148,6,LUKE_COMBS,This One's For You,34,57
The_Remedy_For_A_Broken_Heart_(Why_Am_I_So_In_Love),414,R&B/Hip-hop,2018-06-30,227,6,XXXTENTACION,?,58,58
Sit_Next_To_Me,373,Pop,2018-03-31,85,6,FOSTER_THE_PEOPLE,Sacred Hearts Club,56,59
Mercy,263,Country,2018-05-19,33,6,BRETT_YOUNG,Brett Young,60,60
Pray_For_Me,331,R&B/Hip-hop,2018-02-17,212,6,THE_WEEKND,Black Panther The Album,7,61
Ball_For_Me,37,R&B/Hip-hop,2018-05-12,187,6,POST_MALONE,beerbongs & bentleys,16,62
I_Lived_It,194,Country,2018-03-17,28,6,BLAKE_SHELTON,Texoma Shore,63,63
Japan,211,R&B/Hip-hop,2018-04-07,81,6,FAMOUS_DEX,Dex Meets Dexter,28,64
Fake_Love,132,K-pop,2018-06-02,36,6,BTS,Love Yourself 'Tear',10,65
Done_For_Me,109,Pop,2018-05-19,44,6,CHARLIE_PUTH,Voicenotes,53,66
Yikes,465,R&B/Hip-hop,2018-06-16,112,6,KANYE_WEST,ye,8,67
TATI,400,R&B/Hip-hop,2018-06-09,5,6,6IX9INE,DUMMY BOY,46,68
X,463,Latin,2018-03-17,175,6,NICKY_JAM,,41,69
A$AP_Forever,14,R&B/Hip-hop,2018-06-09,9,6,A$AP_ROCKY,,63,70
KOD,222,R&B/Hip-hop,2018-05-05,97,6,J._COLE,KOD,10,71
Everythings_Gonna_Be_Alright,131,Country,2018-05-05,59,6,DAVID_LEE_MURPHY,No Zip Code,66,72
Call_Out_My_Name,77,R&B/Hip-hop,2018-04-14,212,6,THE_WEEKND,"My Dear Melancholy,",4,73
Born_To_Be_Yours,69,Pop,2018-06-30,124,6,KYGO,,74,74
Alone,23,Pop,2018-05-05,92,6,HALSEY,hopeless fountain kingdom,70,75
Esskeetit,127,R&B/Hip-hop,2018-04-28,135,6,LIL_PUMP,,24,76
Boss,70,R&B/Hip-hop,2018-06-30,209,6,THE_CARTERS,EVERYTHING IS LOVE,77,77
Ocean,311,Pop,2018-06-30,158,6,MARTIN_GARRIX,,78,78
Praise_The_Lord_(Da_Shine),330,R&B/Hip-hop,2018-06-09,9,6,A$AP_ROCKY,TESTING,45,79
Hope,183,R&B/Hip-hop,2018-06-30,227,6,XXXTENTACION,?,80,80
Lovely,252,Pop,2018-06-09,24,6,BILLIE_EILISH,,78,81
Numb,310,R&B/Hip-hop,2018-06-30,227,6,XXXTENTACION,?,82,82
Powerglide,329,R&B/Hip-hop,2018-03-17,191,6,RAE_SREMMURD,SR3MM,28,83
Summer,387,R&B/Hip-hop,2018-06-30,209,6,THE_CARTERS,EVERYTHING IS LOVE,84,84
Drowns_The_Whiskey,113,Country,2018-06-30,100,6,JASON_ALDEAN,Rearview Town,85,85
Life_Goes_On,239,R&B/Hip-hop,2018-06-02,131,6,LIL_BABY,Harder Than Ever,74,86
Welcome_To_The_Party,450,Pop,2018-06-16,67,6,DIPLO,Deadpool 2,78,87
Woman_Amen,459,Country,2018-04-28,11,6,Dierks_Bentley,The Mountain,53,88
Dame_Tu_Cosita,97,Pop,2018-05-05,75,6,EL_CHOMBO,,36,89
Overdose,320,R&B/Hip-hop,2018-05-12,232,6,YOUNGBOY_NEVER_BROKE_AGAIN,Until Death Call My Name Reloaded,42,90
Reborn,338,R&B/Hip-hop,2018-06-23,121,6,KIDS_SEE_GHOSTS,KIDS SEE GHOSTS,39,91
I_Know_You,191,R&B/Hip-hop,2018-06-23,136,6,LIL_SKIES,,90,92
Zombie,476,Rock,2018-03-24,18,6,BAD_WOLVES,,54,93
I_Was_Jack_(You_Were_Diane),196,Country,2018-06-09,99,6,JAKE_OWEN,Greetings From... Jake,86,94
Nice,294,R&B/Hip-hop,2018-06-30,209,6,THE_CARTERS,EVERYTHING IS LOVE,95,95
Cop_Shot_The_Kid,92,R&B/Hip-hop,2018-06-30,170,6,NAS,NASIR,96,96
OTW,317,R&B/Hip-hop,2018-05-05,119,6,KHALID,,57,97
Sativa,358,R&B/Hip-hop,2018-03-31,103,6,JHENE_AIKO,Trip,74,98
Friends,1500,R&B/Hip-hop,2018-06-30,209,6,THE_CARTERS,EVERYTHING IS LOVE,99,99
Medicine,262,R&B/Hip-hop,2018-06-30,190,6,QUEEN_NAIJA,,100,100
In_My_Feelings,206,R&B/Hip-hop,2018-07-14,70,7,DRAKE,Scorpion,1,1
I_Like_It,192,R&B/Hip-hop,2018-04-21,41,7,CARDI_B,Invasion of Privacy,1,2
Girls_Like_You,156,Pop,2018-06-09,156,7,MAROON_5,Red Pill Blues,3,3
Nice_For_What,295,R&B/Hip-hop,2018-04-21,70,7,DRAKE,Scorpion,1,4
Bood_Up,67,R&B/Hip-hop,2018-04-14,76,7,ELLA_MAI,READY,5,5
Lucid_Dreams,253,R&B/Hip-hop,2018-05-26,109,7,JUICE_WRLD,Goodbye & Good Riddance,3,6
Better_Now,55,R&B/Hip-hop,2018-05-12,187,7,POST_MALONE,beerbongs & bentleys,7,7
No_Tears_Left_To_Cry,303,Pop,2018-05-05,14,7,ARIANA_GRANDE,Sweetener,3,8
Psycho,334,R&B/Hip-hop,2018-03-10,187,7,POST_MALONE,beerbongs & bentleys,1,9
Gods_Plan,159,R&B/Hip-hop,2018-02-03,70,7,DRAKE,Scorpion,1,10
God_Is_A_Woman,158,Pop,2018-07-28,14,7,ARIANA_GRANDE,Sweetener,11,11
Delicate,101,Pop,2018-03-24,208,7,TAYLOR_SWIFT,reputation,12,12
Taste,399,R&B/Hip-hop,2018-06-09,221,7,TYGA,,13,13
The_Middle,413,Pop,2018-02-10,235,7,ZEDD,,5,14
Sad!,356,R&B/Hip-hop,2018-03-17,227,7,XXXTENTACION,?,1,15
Yes_Indeed,464,R&B/Hip-hop,2018-05-26,131,7,LIL_BABY,Harder Than Ever,6,16
Meant_To_Be,261,Pop,2017-11-11,20,7,BEBE_REXHA,All Your Fault Pt. 2,2,17
Friends,149,Pop,2018-02-24,157,7,MARSHMELLO,,11,18
Perfect,324,Pop,2017-10-07,74,7,ED_SHEERAN,Divide,1,19
Nonstop,304,R&B/Hip-hop,2018-07-14,70,7,DRAKE,Scorpion,2,20
Love_Lies,249,R&B/Hip-hop,2018-03-03,119,7,KHALID,,21,21
Mine,268,R&B/Hip-hop,2018-02-03,19,7,BAZZI,COSMIC,11,22
In_My_Blood,205,Pop,2018-03-31,199,7,SHAWN_MENDES,Shawn Mendes,11,23
Im_Upset,200,R&B/Hip-hop,2018-06-09,70,7,DRAKE,Scorpion,7,24
Tequila,404,Country,2018-03-31,55,7,DAN_+_SHAY,,21,25
One_Kiss,315,Pop,2018-04-21,39,7,CALVIN_HARRIS,,26,26
Back_To_You,32,Pop,2018-05-26,198,7,SELENA_GOMEZ,13 Reasons Why,22,27
Apeshit,26,R&B/Hip-hop,2018-06-30,209,7,THE_CARTERS,EVERYTHING IS LOVE,13,28
I_Like_Me_Better,193,Pop,2018-02-24,129,7,LAUV,I met you when I was 18. (the playlist),29,29
Never_Be_The_Same,287,Pop,2018-01-13,40,7,CAMILA_CABELLO,Camila,6,30
Get_Along,152,Country,2018-04-21,118,7,KENNY_CHESNEY,Songs for the Saints,31,31
Youngblood,472,Pop,2018-06-16,4,7,5_SECONDS_OF_SUMMER,Youngblood,32,32
Dont_Matter_To_Me,108,R&B/Hip-hop,2018-07-14,70,7,DRAKE,Scorpion,9,33
Whatever_It_Takes,452,Rock,2018-02-17,95,7,IMAGINE_DRAGONS,Evolve,12,34
Look_Alive,242,R&B/Hip-hop,2018-02-24,29,7,BLOCBOY_JB,,5,35
Simple,370,Country,2018-06-16,84,7,FLORIDA_GEORGIA_LINE,Can't Say I Ain't Country,36,36
Moonlight,277,R&B/Hip-hop,2018-06-30,227,7,XXXTENTACION,?,13,37
Mercy,263,Country,2018-05-19,33,7,BRETT_YOUNG,Brett Young,38,38
Big_Bank,57,R&B/Hip-hop,2018-07-07,230,7,YG,STAY DANGEROUS,39,39
This_Is_America,421,R&B/Hip-hop,2018-05-19,45,7,CHILDISH_GAMBINO,,1,40
Be_Careful,43,R&B/Hip-hop,2018-04-14,41,7,CARDI_B,Invasion of Privacy,11,41
Te_Bote,401,R&B/Hip-hop,2018-05-05,43,7,CASPER_MAGICO,,36,42
Mob_Ties,270,R&B/Hip-hop,2018-07-14,70,7,DRAKE,Scorpion,13,43
Summertime_Magic,388,R&B/Hip-hop,2018-07-28,45,7,CHILDISH_GAMBINO,Summer Pack,44,44
I_Was_Jack_(You_Were_Diane),196,Country,2018-06-09,99,7,JAKE_OWEN,Greetings From... Jake,45,45
Sit_Next_To_Me,373,Pop,2018-03-31,85,7,FOSTER_THE_PEOPLE,Sacred Hearts Club,42,46
X,463,Latin,2018-03-17,175,7,NICKY_JAM,,41,47
Drowns_The_Whiskey,113,Country,2018-06-30,100,7,JASON_ALDEAN,Rearview Town,48,48
One_Number_Away,316,Country,2018-03-31,148,7,LUKE_COMBS,This One's For You,34,49
Jumpsuit,214,Pop,2018-07-21,220,7,TWENTY_ONE_PILOTS,Trench,50,50
Changes,84,R&B/Hip-hop,2018-06-30,227,7,XXXTENTACION,?,18,51
Bed,48,R&B/Hip-hop,2018-06-30,174,7,NICKI_MINAJ,Queen,43,52
You_Say,470,Christian,2018-07-28,128,7,LAUREN_DAIGLE,Look Up Child,53,53
Life_Changes,238,Country,2018-07-07,213,7,THOMAS_RHETT,Life Changes,54,54
All_Girls_Are_The_Same,18,R&B/Hip-hop,2018-05-26,109,7,JUICE_WRLD,Goodbye & Good Riddance,41,55
Eastside,117,Pop,2018-07-28,22,7,BENNY_BLANCO,,56,56
Take_Back_Home_Girl,393,Country,2018-07-07,48,7,CHRIS_LANE,Laps Around The Sun,57,57
Emotionless,124,R&B/Hip-hop,2018-07-14,70,7,DRAKE,Scorpion,8,58
Up_Down,438,Country,2018-04-07,168,7,MORGAN_WALLEN,If I Know Me,49,59
Jackie_Chan,210,Dance,2018-07-21,214,7,TIESTO,,60,60
Cant_Take_A_Joke,80,R&B/Hip-hop,2018-07-14,70,7,DRAKE,Scorpion,18,61
Coming_Home,90,Country,2018-07-07,115,7,KEITH_URBAN,Graffiti U,62,62
Dont_Go_Breaking_My_Heart,107,R&B/Hip-hop,2018-07-14,16,7,BACKSTREET_BOYS,,63,63
Sunrise_Sunburn_Sunset,390,Country,2018-07-14,1,7,Luke_Bryan,What Makes You Country,64,64
Growing_Pains,167,R&B/Hip-hop,2018-07-14,10,7,ALESSIA_CARA,The Pains of Growing,65,65
Solo,378,Pop,2018-07-21,52,7,CLEAN_BANDIT,,66,66
Elevate,122,R&B/Hip-hop,2018-07-14,70,7,DRAKE,Scorpion,14,67
Wasted,447,R&B/Hip-hop,2018-07-28,109,7,JUICE_WRLD,Goodbye & Good Riddance,68,68
Freaky_Friday,148,R&B/Hip-hop,2018-03-31,132,7,LIL_DICKY,,8,69
Hotel_Key,185,Country,2018-07-14,177,7,OLD_DOMINION,Happy Endings,70,70
Desperate_Man,102,Country,2018-07-28,80,7,ERIC_CHURCH,,71,71
Hopelesss_Romantic,184,R&B/Hip-hop,2018-07-28,226,7,WIZ_KHALIFA,Rolling Papers 2,72,72
Fr_Fr,147,R&B/Hip-hop,2018-07-28,226,7,WIZ_KHALIFA,Rolling Papers 2,73,73
Kiss_Somebody,221,Country,2018-07-14,167,7,MORGAN_EVANS,Things That We Drink To,74,74
OTW,317,R&B/Hip-hop,2018-07-21,119,7,KHALID,,75,75
Ball_For_Me,37,R&B/Hip-hop,2018-05-12,187,7,POST_MALONE,beerbongs & bentleys,16,76
All_Mine,20,R&B/Hip-hop,2018-06-16,112,7,KANYE_WEST,ye,11,77
Medicine,262,R&B/Hip-hop,2018-06-30,190,7,QUEEN_NAIJA,,78,78
Nico_And_The_Niners,296,Pop,2018-07-28,220,7,TWENTY_ONE_PILOTS,Trench,79,79
Blue_Tint,64,R&B/Hip-hop,2018-07-14,70,7,DRAKE,Scorpion,30,80
Cry_Pretty,96,Country,2018-07-14,42,7,CARRIE_UNDERWOOD,,81,81
After_Dark,16,R&B/Hip-hop,2018-07-14,70,7,DRAKE,Scorpion,41,82
Sin_Pijama,371,Pop,2018-07-07,21,7,BECKY_G,,83,83
Broken,73,Pop,2018-07-28,145,7,LOVELYTHEBAND,finding it hard to smile,84,84
Hooked,182,Country,2018-07-28,73,7,DYLAN_SCOTT,Dylan Scott,85,85
Alone,23,Pop,2018-05-05,92,7,HALSEY,hopeless fountain kingdom,66,86
Ocean,312,R&B/Hip-hop,2018-07-28,215,7,TK_KRAVITZ,2.0,87,87
Ocean,313,Pop,2018-07-21,158,7,MARTIN_GARRIX,,88,88
Everythings_Gonna_Be_Alright,131,Country,2018-05-05,59,7,DAVID_LEE_MURPHY,No Zip Code,66,89
1942,1,R&B/Hip-hop,2018-07-28,88,7,G-EAZY,,90,90
Break_Up_In_The_End,71,Country,2018-07-28,53,7,COLE_SWINDELL,All of It,91,91
Im_A_Mess,199,Pop,2018-07-28,20,7,BEBE_REXHA,Expectations,92,92
Narcos,283,R&B/Hip-hop,2018-07-28,163,7,MIGOS,Culture II,93,93
Remind_Me_To_Forget,340,Pop,2018-07-28,124,7,KYGO,,94,94
Call_Out_My_Name,77,R&B/Hip-hop,2018-04-14,212,7,THE_WEEKND,"My Dear Melancholy,",4,95
Praise_The_Lord_(Da_Shine),330,R&B/Hip-hop,2018-07-28,9,7,A$AP_ROCKY,TESTING,96,96
Zombie,476,Rock,2018-07-28,18,7,BAD_WOLVES,,97,97
8_Out_Of_10,11,R&B/Hip-hop,2018-07-14,70,7,DRAKE,Scorpion,21,98
31_Days,8,R&B/Hip-hop,2018-07-21,87,7,FUTURE,BEASTMODE 2,65,99
Talk_Up,398,R&B/Hip-hop,2018-07-14,70,7,DRAKE,Scorpion,20,100
In_My_Feelings,206,R&B/Hip-hop,2018-07-14,70,8,DRAKE,Scorpion,1,1
Girls_Like_You,156,Pop,2018-06-09,156,8,MAROON_5,Red Pill Blues,2,2
I_Like_It,192,R&B/Hip-hop,2018-04-21,41,8,CARDI_B,Invasion of Privacy,1,3
FeFe,136,R&B/Hip-hop,2018-08-04,5,8,6IX9INE,DUMMY BOY,3,4
Better_Now,55,R&B/Hip-hop,2018-05-12,187,8,POST_MALONE,beerbongs & bentleys,5,5
Lucid_Dreams,253,R&B/Hip-hop,2018-05-26,109,8,JUICE_WRLD,Goodbye & Good Riddance,3,6
Sicko_Mode,367,R&B/Hip-hop,2018-08-18,217,8,TRAVIS_SCOTT,ASTROWORLD,4,7
Taste,399,R&B/Hip-hop,2018-06-09,221,8,TYGA,,8,8
Bood_Up,67,R&B/Hip-hop,2018-04-14,76,8,ELLA_MAI,READY,5,9
No_Brainer,297,R&B/Hip-hop,2018-08-11,68,8,DJ_KHALED,,5,10
Love_Lies,249,R&B/Hip-hop,2018-03-03,119,8,KHALID,,11,11
No_Tears_Left_To_Cry,303,Pop,2018-05-05,14,8,ARIANA_GRANDE,Sweetener,3,12
Psycho,334,R&B/Hip-hop,2018-03-10,187,8,POST_MALONE,beerbongs & bentleys,1,13
Nice_For_What,295,R&B/Hip-hop,2018-04-21,70,8,DRAKE,Scorpion,1,14
Yes_Indeed,464,R&B/Hip-hop,2018-05-26,131,8,LIL_BABY,Harder Than Ever,6,15
Delicate,101,Pop,2018-03-24,208,8,TAYLOR_SWIFT,reputation,12,16
Youngblood,472,Pop,2018-06-16,4,8,5_SECONDS_OF_SUMMER,Youngblood,17,17
Barbie_Dreams,39,R&B/Hip-hop,2018-08-25,174,8,NICKI_MINAJ,Queen,18,18
Meant_To_Be,261,Pop,2017-11-11,20,8,BEBE_REXHA,All Your Fault Pt. 2,2,19
Perfect,324,Pop,2017-10-07,74,8,ED_SHEERAN,Divide,1,20
Nonstop,304,R&B/Hip-hop,2018-07-14,70,8,DRAKE,Scorpion,2,21
The_Middle,413,Pop,2018-02-10,235,8,ZEDD,,5,22
Big_Bank,57,R&B/Hip-hop,2018-07-07,230,8,YG,STAY DANGEROUS,16,23
Gods_Plan,159,R&B/Hip-hop,2018-02-03,70,8,DRAKE,Scorpion,1,24
Back_To_You,32,Pop,2018-05-26,198,8,SELENA_GOMEZ,13 Reasons Why,22,25
Sad!,356,R&B/Hip-hop,2018-03-17,227,8,XXXTENTACION,?,1,26
Stargazing,383,R&B/Hip-hop,2018-08-18,217,8,TRAVIS_SCOTT,ASTROWORLD,8,27
Tequila,404,Country,2018-03-31,55,8,DAN_+_SHAY,,21,28
Mercy,263,Country,2018-05-19,33,8,BRETT_YOUNG,Brett Young,29,29
God_Is_A_Woman,158,Pop,2018-07-28,14,8,ARIANA_GRANDE,Sweetener,11,30
Mine,268,R&B/Hip-hop,2018-02-03,19,8,BAZZI,COSMIC,11,31
One_Kiss,315,Pop,2018-04-21,39,8,CALVIN_HARRIS,,26,32
Friends,149,Pop,2018-02-24,157,8,MARSHMELLO,,11,33
Natural,284,Rock,2018-08-04,95,8,IMAGINE_DRAGONS,Origins,34,34
Simple,370,Country,2018-06-16,84,8,FLORIDA_GEORGIA_LINE,Can't Say I Ain't Country,34,35
Drowns_The_Whiskey,113,Country,2018-06-30,100,8,JASON_ALDEAN,Rearview Town,36,36
Never_Be_The_Same,287,Pop,2018-01-13,40,8,CAMILA_CABELLO,Camila,6,37
In_My_Blood,205,Pop,2018-03-31,199,8,SHAWN_MENDES,Shawn Mendes,11,38
I_Like_Me_Better,193,Pop,2018-02-24,129,8,LAUV,I met you when I was 18. (the playlist),29,39
Get_Along,152,Country,2018-04-21,118,8,KENNY_CHESNEY,Songs for the Saints,22,40
Apeshit,26,R&B/Hip-hop,2018-06-30,209,8,THE_CARTERS,EVERYTHING IS LOVE,13,41
Bed,48,R&B/Hip-hop,2018-06-30,174,8,NICKI_MINAJ,Queen,42,42
Yosemite,466,R&B/Hip-hop,2018-08-18,217,8,TRAVIS_SCOTT,ASTROWORLD,25,43
Chun-Li,86,R&B/Hip-hop,2018-08-25,174,8,NICKI_MINAJ,Queen,44,44
Life_Changes,238,Country,2018-07-07,213,8,THOMAS_RHETT,Life Changes,45,45
Taking_A_Walk,396,R&B/Hip-hop,2018-08-25,218,8,TRIPPIE_REDD,LIFE'S A TRIP,46,46
Sunrise_Sunburn_Sunset,391,Country,2018-07-14,147,8,LUKE_BRYAN,What Makes You Country,47,47
Eastside,117,Pop,2018-07-28,22,8,BENNY_BLANCO,,44,48
Te_Bote,401,R&B/Hip-hop,2018-05-05,43,8,CASPER_MAGICO,,36,49
Moonlight,277,R&B/Hip-hop,2018-06-30,227,8,XXXTENTACION,?,13,50
Im_A_Mess,199,Pop,2018-07-28,20,8,BEBE_REXHA,Expectations,51,51
Beautiful,44,R&B/Hip-hop,2018-08-18,19,8,BAZZI,COSMIC,52,52
Kiss_Somebody,221,Country,2018-07-14,167,8,MORGAN_EVANS,Things That We Drink To,53,53
Broken,73,Pop,2018-07-28,145,8,LOVELYTHEBAND,finding it hard to smile,54,54
Hotel_Key,185,Country,2018-07-14,177,8,OLD_DOMINION,Happy Endings,55,55
Rich_Sex,346,R&B/Hip-hop,2018-08-25,174,8,NICKI_MINAJ,Queen,56,56
Africa,15,Pop,2018-08-04,224,8,WEEZER,Weezer (Teal Album),57,57
Majesty,256,R&B/Hip-hop,2018-08-25,174,8,NICKI_MINAJ,Queen,58,58
All_Girls_Are_The_Same,18,R&B/Hip-hop,2018-05-26,109,8,JUICE_WRLD,Goodbye & Good Riddance,41,59
Ganja_Burns,151,R&B/Hip-hop,2018-08-25,174,8,NICKI_MINAJ,Queen,60,60
Take_Back_Home_Girl,393,Country,2018-07-07,48,8,CHRIS_LANE,Laps Around The Sun,55,61
Solo,378,Pop,2018-07-21,52,8,CLEAN_BANDIT,,58,62
Jackie_Chan,210,Dance,2018-07-21,214,8,TIESTO,,60,63
Be_Careful,43,R&B/Hip-hop,2018-04-14,41,8,CARDI_B,Invasion of Privacy,11,64
Medicine,262,R&B/Hip-hop,2018-06-30,190,8,QUEEN_NAIJA,,54,65
Stop_Trying_To_Be_Good,386,R&B/Hip-hop,2018-08-18,217,8,TRAVIS_SCOTT,ASTROWORLD,27,66
Level_Up,236,R&B/Hip-hop,2018-08-04,51,8,CIARA,,59,67
Hooked,182,Country,2018-07-28,73,8,DYLAN_SCOTT,Dylan Scott,68,68
Cant_Say,79,R&B/Hip-hop,2018-08-18,217,8,TRAVIS_SCOTT,ASTROWORLD,38,69
Remind_Me_To_Forget,340,Pop,2018-07-28,124,8,KYGO,,70,70
Wake_Up,444,R&B/Hip-hop,2018-08-18,217,8,TRAVIS_SCOTT,ASTROWORLD,30,71
W_O_R_K_I_N_M_E,442,R&B/Hip-hop,2018-08-25,188,8,QUAVO,,72,72
Dont_Go_Breaking_My_Heart,107,R&B/Hip-hop,2018-07-14,16,8,BACKSTREET_BOYS,,63,73
Im_Upset,200,R&B/Hip-hop,2018-06-09,70,8,DRAKE,Scorpion,7,74
R.I.P_Screw,336,R&B/Hip-hop,2018-08-18,217,8,TRAVIS_SCOTT,ASTROWORLD,26,75
Trip,436,R&B/Hip-hop,2018-08-18,76,8,ELLA_MAI,Ella Mai,76,76
You_Say,470,Christian,2018-07-28,128,8,LAUREN_DAIGLE,Look Up Child,53,77
Break_Up_In_The_End,71,Country,2018-07-28,53,8,COLE_SWINDELL,All of It,78,78
No_Bystanders,298,R&B/Hip-hop,2018-08-18,217,8,TRAVIS_SCOTT,ASTROWORLD,31,79
Changes,84,R&B/Hip-hop,2018-06-30,227,8,XXXTENTACION,?,18,80
Carousel,82,R&B/Hip-hop,2018-08-18,217,8,TRAVIS_SCOTT,ASTROWORLD,24,81
Lose_It,244,Country,2018-08-04,111,8,KANE_BROWN,Experiment,82,82
Growing_Pains,167,R&B/Hip-hop,2018-07-14,10,8,ALESSIA_CARA,The Pains of Growing,65,83
Lean_Wit_Me,228,R&B/Hip-hop,2018-08-18,109,8,JUICE_WRLD,Goodbye & Good Riddance,84,84
1942,1,R&B/Hip-hop,2018-07-28,88,8,G-EAZY,,70,85
Thats_On_Me,407,R&B/Hip-hop,2018-08-11,229,8,YELLA_BEEZY,"Lite Work, Vol. 2",86,86
Album_Of_The_Year_(Freestyle),17,R&B/Hip-hop,2018-08-25,97,8,J._COLE,,87,87
This_Is_America,421,R&B/Hip-hop,2018-05-19,45,8,CHILDISH_GAMBINO,,1,88
5%_Tint,10,R&B/Hip-hop,2018-08-18,217,8,TRAVIS_SCOTT,ASTROWORLD,36,89
Have_It_All,177,Pop,2018-08-25,101,8,JASON_MRAZ,,90,90
Drew_Barrymore,110,R&B/Hip-hop,2018-08-25,35,8,BRYCE_VINE,,91,91
Cry_Pretty,96,Country,2018-07-14,42,8,CARRIE_UNDERWOOD,,81,92
Sin_Pijama,371,Pop,2018-07-07,21,8,BECKY_G,,70,93
Best_Part,52,R&B/Hip-hop,2018-08-04,56,8,DANIEL_CAESAR,Freudian,81,94
She_Got_The_Best_Of_Me,364,Country,2018-08-25,148,8,LUKE_COMBS,This One's For You Too,95,95
Lie,237,R&B/Hip-hop,2018-08-25,173,8,NF,Perception,96,96
Nevermind,290,R&B/Hip-hop,2018-08-04,63,8,DENNIS_LLOYD,,86,97
Thought_I_Knew_You,424,R&B/Hip-hop,2018-08-25,174,8,NICKI_MINAJ,Queen,98,98
Mob_Ties,270,R&B/Hip-hop,2018-07-14,70,8,DRAKE,Scorpion,13,99
Wasted,447,R&B/Hip-hop,2018-07-28,109,8,JUICE_WRLD,Goodbye & Good Riddance,67,100
Girls_Like_You,156,Pop,2018-06-09,156,9,MAROON_5,Red Pill Blues,1,1
In_My_Feelings,206,R&B/Hip-hop,2018-07-14,70,9,DRAKE,Scorpion,1,2
Killshot,219,R&B/Hip-hop,2018-09-29,78,9,EMINEM,,3,3
Lucid_Dreams,253,R&B/Hip-hop,2018-05-26,109,9,JUICE_WRLD,Goodbye & Good Riddance,3,4
Better_Now,55,R&B/Hip-hop,2018-05-12,187,9,POST_MALONE,beerbongs & bentleys,4,5
I_Like_It,192,R&B/Hip-hop,2018-04-21,41,9,CARDI_B,Invasion of Privacy,1,6
I_Love_It,195,R&B/Hip-hop,2018-09-22,112,9,KANYE_WEST,,6,7
FeFe,136,R&B/Hip-hop,2018-08-04,5,9,6IX9INE,DUMMY BOY,3,8
Sicko_Mode,367,R&B/Hip-hop,2018-08-18,217,9,TRAVIS_SCOTT,ASTROWORLD,4,9
Youngblood,472,Pop,2018-06-16,4,9,5_SECONDS_OF_SUMMER,Youngblood,10,10
Love_Lies,249,R&B/Hip-hop,2018-03-03,119,9,KHALID,,9,11
Taste,399,R&B/Hip-hop,2018-06-09,221,9,TYGA,,8,12
Lucky_You,254,R&B/Hip-hop,2018-09-15,78,9,EMINEM,Kamikaze,6,13
Natural,284,Rock,2018-08-04,95,9,IMAGINE_DRAGONS,Origins,14,14
Nonstop,304,R&B/Hip-hop,2018-07-14,70,9,DRAKE,Scorpion,2,15
No_Brainer,297,R&B/Hip-hop,2018-08-11,68,9,DJ_KHALED,,5,16
God_Is_A_Woman,158,Pop,2018-07-28,14,9,ARIANA_GRANDE,Sweetener,8,17
Back_To_You,32,Pop,2018-05-26,198,9,SELENA_GOMEZ,13 Reasons Why,18,18
Yes_Indeed,464,R&B/Hip-hop,2018-05-26,131,9,LIL_BABY,Harder Than Ever,6,19
Bood_Up,67,R&B/Hip-hop,2018-04-14,76,9,ELLA_MAI,READY,5,20
Trip,436,R&B/Hip-hop,2018-08-18,76,9,ELLA_MAI,Ella Mai,21,21
Rap_Devil,337,R&B/Hip-hop,2018-09-22,150,9,MACHINE_GUN_KELLY,,13,22
Perfect,324,Pop,2017-10-07,74,9,ED_SHEERAN,Divide,1,23
Big_Bank,57,R&B/Hip-hop,2018-07-07,230,9,YG,STAY DANGEROUS,16,24
No_Tears_Left_To_Cry,303,Pop,2018-05-05,14,9,ARIANA_GRANDE,Sweetener,3,25
Meant_To_Be,261,Pop,2017-11-11,20,9,BEBE_REXHA,All Your Fault Pt. 2,2,26
Delicate,101,Pop,2018-03-24,208,9,TAYLOR_SWIFT,reputation,12,27
Drip_Too_Hard,112,R&B/Hip-hop,2018-09-29,131,9,LIL_BABY,Drip Harder,28,28
Eastside,117,Pop,2018-07-28,22,9,BENNY_BLANCO,,28,29
Wake_Up_In_The_Sky,445,R&B/Hip-hop,2018-09-29,90,9,GUCCI_MANE,Evil Genius,30,30
Happier,173,Pop,2018-09-01,157,9,MARSHMELLO,,31,31
Psycho,334,R&B/Hip-hop,2018-03-10,187,9,POST_MALONE,beerbongs & bentleys,1,32
Sad!,356,R&B/Hip-hop,2018-03-17,227,9,XXXTENTACION,?,1,33
I_Like_Me_Better,193,Pop,2018-02-24,129,9,LAUV,I met you when I was 18. (the playlist),27,34
The_Middle,413,Pop,2018-02-10,235,9,ZEDD,,5,35
Im_A_Mess,199,Pop,2018-07-28,20,9,BEBE_REXHA,Expectations,36,36
Nice_For_What,295,R&B/Hip-hop,2018-04-21,70,9,DRAKE,Scorpion,1,37
New_Patek,292,R&B/Hip-hop,2018-09-29,137,9,LIL_UZI_VERT,,38,38
Tequila,404,Country,2018-03-31,55,9,DAN_+_SHAY,,21,39
Gods_Plan,159,R&B/Hip-hop,2018-02-03,70,9,DRAKE,Scorpion,1,40
Simple,370,Country,2018-06-16,84,9,FLORIDA_GEORGIA_LINE,Can't Say I Ain't Country,32,41
Mo_Bamba,269,R&B/Hip-hop,2018-09-08,200,9,SHECK_WES,MUDBOY,42,42
Broken,73,Pop,2018-07-28,145,9,LOVELYTHEBAND,finding it hard to smile,41,43
Beautiful,44,R&B/Hip-hop,2018-08-18,19,9,BAZZI,COSMIC,42,44
Better,54,R&B/Hip-hop,2018-09-29,119,9,KHALID,Suncity,45,45
Fall,133,R&B/Hip-hop,2018-09-15,78,9,EMINEM,,12,46
Falling_Down,134,R&B/Hip-hop,2018-09-29,134,9,LIL_PEEP,"Come Over When You're Sober, Pt. 2",47,47
Hotel_Key,185,Country,2018-07-14,177,9,OLD_DOMINION,Happy Endings,48,48
Drew_Barrymore,110,R&B/Hip-hop,2018-08-25,35,9,BRYCE_VINE,,46,49
She_Got_The_Best_Of_Me,364,Country,2018-08-25,148,9,LUKE_COMBS,This One's For You Too,50,50
Sunrise_Sunburn_Sunset,391,Country,2018-07-14,147,9,LUKE_BRYAN,What Makes You Country,35,51
Jackie_Chan,210,Dance,2018-07-21,214,9,TIESTO,,52,52
Ring,347,R&B/Hip-hop,2018-09-01,41,9,CARDI_B,What Makes You Country,53,53
Blue_Tacoma,63,Country,2018-09-01,194,9,RUSSELL_DICKERSON,Yours,54,54
Africa,15,Pop,2018-08-04,224,9,WEEZER,Weezer (Teal Album),51,55
High_Hopes,180,Pop,2018-09-01,180,9,PANIC!_AT_THE_DISCO,Pray For The Wicked,56,56
Barbie_Dreams,39,R&B/Hip-hop,2018-08-25,174,9,NICKI_MINAJ,Queen,18,57
Hooked,182,Country,2018-07-28,73,9,DYLAN_SCOTT,Dylan Scott,48,58
The_Ringer,415,R&B/Hip-hop,2018-09-15,78,9,EMINEM,Kamikaze,8,59
Medicine,262,R&B/Hip-hop,2018-06-30,190,9,QUEEN_NAIJA,,54,60
Lose_It,244,Country,2018-08-04,111,9,KANE_BROWN,Experiment,61,61
Breathin,72,Pop,2018-09-01,14,9,ARIANA_GRANDE,Sweetener,22,62
Smile_(Living_My_Best_Life),377,R&B/Hip-hop,2018-09-08,141,9,LIL'_DUVAL,,63,63
You_Say,470,Christian,2018-07-28,128,9,LAUREN_DAIGLE,Look Up Child,44,64
Break_Up_In_The_End,71,Country,2018-07-28,53,9,COLE_SWINDELL,All of It,49,65
Self_Care,360,R&B/Hip-hop,2018-09-22,149,9,MAC_MILLER,Swimming,33,66
Thunderclouds,427,Pop,2018-09-15,125,9,LABRINTH,"LABRINTH, SIA & DIPLO PRESENT... LSD",67,67
The_Way_I_Am,416,Pop,2018-09-08,44,9,CHARLIE_PUTH,Voicenotes,68,68
Thats_On_Me,407,R&B/Hip-hop,2018-08-11,229,9,YELLA_BEEZY,"Lite Work, Vol. 2",69,69
W_O_R_K_I_N_M_E,442,R&B/Hip-hop,2018-08-25,188,9,QUAVO,,52,70
Life_Changes,238,Country,2018-07-07,213,9,THOMAS_RHETT,Life Changes,36,71
Drowns_The_Whiskey,113,Country,2018-06-30,100,9,JASON_ALDEAN,Rearview Town,32,72
Lie,237,R&B/Hip-hop,2018-08-25,173,9,NF,Perception,73,73
Drunk_Me,115,Country,2018-09-01,165,9,MITCHELL_TENPENNY,Telling All My Secrets,74,74
Remind_Me_To_Forget,340,Pop,2018-07-28,124,9,KYGO,,63,75
Pretty_Little_Fears,332,R&B/Hip-hop,2018-09-29,6,9,6LACK,East Atlanta Love Letter,76,76
Promises,333,Pop,2018-09-01,39,9,CALVIN_HARRIS,,65,77
Mercy,263,Country,2018-05-19,33,9,BRETT_YOUNG,Brett Young,29,78
All_Girls_Are_The_Same,18,R&B/Hip-hop,2018-05-26,109,9,JUICE_WRLD,Goodbye & Good Riddance,41,79
Stargazing,383,R&B/Hip-hop,2018-08-18,217,9,TRAVIS_SCOTT,ASTROWORLD,8,80
Best_Part,52,R&B/Hip-hop,2018-08-04,56,9,DANIEL_CAESAR,Freudian,81,81
Dangerous,98,R&B/Hip-hop,2018-09-08,160,9,MEEK_MILL,Legends Of The Summer,82,82
Apeshit,26,R&B/Hip-hop,2018-06-30,209,9,THE_CARTERS,EVERYTHING IS LOVE,13,83
Drunk_Girl,114,Pop,2018-09-08,47,9,CHRIS_JANSON,EVERYBODY,84,84
Yosemite,466,R&B/Hip-hop,2018-08-18,217,9,TRAVIS_SCOTT,ASTROWORLD,25,85
BEBE,47,R&B/Hip-hop,2018-09-15,5,9,6IX9INE,DUMMY BOY,30,86
Speechless,381,Country,2018-09-22,55,9,DAN_+_SHAY,,87,87
Side_Effects,368,Pop,2018-09-01,210,9,THE_CHAINSMOKERS,Sick Boy,66,88
Desperate_Man,102,Country,2018-09-01,80,9,ERIC_CHURCH,,85,89
Cry_Pretty,96,Country,2018-09-29,42,9,CARRIE_UNDERWOOD,,90,90
Solo,378,Pop,2018-07-21,52,9,CLEAN_BANDIT,,58,91
Hangin_On,172,Country,2018-09-15,50,9,CHRIS_YOUNG,Losing Sleep,89,92
Lean_Wit_Me,228,R&B/Hip-hop,2018-08-18,109,9,JUICE_WRLD,Goodbye & Good Riddance,68,93
Not_Alike,305,R&B/Hip-hop,2018-09-15,78,9,EMINEM,Kamikaze,24,94
OTW,317,R&B/Hip-hop,2018-09-22,119,9,KHALID,,95,95
Leave_Me_Alone,229,R&B/Hip-hop,2018-09-29,83,9,FLIPP_DINERO,,96,96
Best_Shot,5200,Country,2018-09-29,104,9,JIMMIE_ALLEN,Mercury Lane,97,97
Hopeless_Romantic,184,R&B/Hip-hop,2018-09-08,226,9,WIZ_KHALIFA,Rolling Papers 2,96,98
Kamikaze,215,R&B/Hip-hop,2018-09-15,78,9,EMINEM,Kamikaze,16,99
Noticed,308,R&B/Hip-hop,2018-09-29,133,9,LIL_MOSEY,Northsbest,100,100
Girls_Like_You,156,Pop,2018-06-09,156,10,MAROON_5,Red Pill Blues,1,1
Zeze,475,R&B/Hip-hop,2018-10-27,123,10,KODAK_BLACK,Dying To Live,2,2
Lucid_Dreams,253,R&B/Hip-hop,2018-05-26,109,10,JUICE_WRLD,Goodbye & Good Riddance,2,3
Better_Now,55,R&B/Hip-hop,2018-05-12,187,10,POST_MALONE,beerbongs & bentleys,3,4
MIA,265,R&B/Hip-hop,2018-10-27,17,10,BAD_BUNNY,,5,5
Happier,173,Pop,2018-09-01,157,10,MARSHMELLO,,6,6
Sicko_Mode,367,R&B/Hip-hop,2018-08-18,217,10,TRAVIS_SCOTT,ASTROWORLD,4,7
Drip_Too_Hard,112,R&B/Hip-hop,2018-09-29,131,10,LIL_BABY,Drip Harder,4,8
Youngblood,472,Pop,2018-06-16,4,10,5_SECONDS_OF_SUMMER,Youngblood,7,9
Shallow,361,Pop,2018-10-13,126,10,LADY_GAGA,A Star Is Born Soundtrack,5,10
Trip,436,R&B/Hip-hop,2018-08-18,76,10,ELLA_MAI,Ella Mai,11,11
I_Like_It,192,R&B/Hip-hop,2018-04-21,41,10,CARDI_B,Invasion of Privacy,1,12
Natural,284,Rock,2018-08-04,95,10,IMAGINE_DRAGONS,Origins,13,13
Love_Lies,249,R&B/Hip-hop,2018-03-03,119,10,KHALID,,9,14
In_My_Feelings,206,R&B/Hip-hop,2018-07-14,70,10,DRAKE,Scorpion,1,15
Taki_Taki,394,Pop,2018-10-13,69,10,DJ_SNAKE,,16,16
Taste,399,R&B/Hip-hop,2018-06-09,221,10,TYGA,,8,17
FeFe,136,R&B/Hip-hop,2018-08-04,5,10,6IX9INE,DUMMY BOY,3,18
God_Is_A_Woman,158,Pop,2018-07-28,14,10,ARIANA_GRANDE,Sweetener,8,19
Nonstop,304,R&B/Hip-hop,2018-07-14,70,10,DRAKE,Scorpion,2,20
Mo_Bamba,269,R&B/Hip-hop,2018-09-08,200,10,SHECK_WES,MUDBOY,21,21
Eastside,117,Pop,2018-07-28,22,10,BENNY_BLANCO,,20,22
Without_Me,457,Pop,2018-10-20,92,10,HALSEY,,18,23
Back_To_You,32,Pop,2018-05-26,198,10,SELENA_GOMEZ,13 Reasons Why,18,24
Bood_Up,67,R&B/Hip-hop,2018-04-14,76,10,ELLA_MAI,READY,5,25
I_Love_It,195,R&B/Hip-hop,2018-09-22,112,10,KANYE_WEST,,6,26
High_Hopes,180,Pop,2018-09-01,180,10,PANIC!_AT_THE_DISCO,Pray For The Wicked,27,27
Yes_Indeed,464,R&B/Hip-hop,2018-05-26,131,10,LIL_BABY,Harder Than Ever,6,28
Big_Bank,57,R&B/Hip-hop,2018-07-07,230,10,YG,STAY DANGEROUS,16,29
Close_Friends,87,R&B/Hip-hop,2018-10-20,131,10,LIL_BABY,Drip Harder,28,30
Meant_To_Be,261,Pop,2017-11-11,20,10,BEBE_REXHA,All Your Fault Pt. 2,2,31
Beautiful,44,R&B/Hip-hop,2018-08-18,19,10,BAZZI,COSMIC,32,32
Broken,73,Pop,2018-07-28,145,10,LOVELYTHEBAND,finding it hard to smile,33,33
Delicate,101,Pop,2018-03-24,208,10,TAYLOR_SWIFT,reputation,12,34
Never_Recover,289,R&B/Hip-hop,2018-10-20,131,10,LIL_BABY,Drip Harder,15,35
Uproar,439,R&B/Hip-hop,2018-10-13,138,10,LIL_WAYNE,Tha Carter V,7,36
Im_A_Mess,199,Pop,2018-07-28,20,10,BEBE_REXHA,Expectations,36,37
Psycho,334,R&B/Hip-hop,2018-03-10,187,10,POST_MALONE,beerbongs & bentleys,1,38
I_Like_Me_Better,193,Pop,2018-02-24,129,10,LAUV,I met you when I was 18. (the playlist),27,39
Sad!,356,R&B/Hip-hop,2018-03-17,227,10,XXXTENTACION,?,1,40
Wake_Up_In_The_Sky,445,R&B/Hip-hop,2018-09-29,90,10,GUCCI_MANE,Evil Genius,30,41
Mona_Lisa,271,R&B/Hip-hop,2018-10-13,138,10,LIL_WAYNE,Tha Carter V,2,42
The_Middle,413,Pop,2018-02-10,235,10,ZEDD,,5,43
She_Got_The_Best_Of_Me,364,Country,2018-08-25,148,10,LUKE_COMBS,This One's For You Too,44,44
No_Brainer,297,R&B/Hip-hop,2018-08-11,68,10,DJ_KHALED,,5,45
Ring,347,R&B/Hip-hop,2018-09-01,41,10,CARDI_B,What Makes You Country,46,46
Tequila,404,Country,2018-03-31,55,10,DAN_+_SHAY,,21,47
Flip_The_Switch,143,R&B/Hip-hop,2018-10-27,188,10,QUAVO,QUAVO HUNCHO,48,48
No_Tears_Left_To_Cry,303,Pop,2018-05-05,14,10,ARIANA_GRANDE,Sweetener,3,49
Always_Remember_Us_This_Way,24,Pop,2018-10-20,126,10,LADY_GAGA,A Star Is Born Soundtrack,41,50
Stoopid,385,R&B/Hip-hop,2018-10-20,5,10,6IX9INE,DUMMY BOY,25,51
Breathin,72,Pop,2018-09-01,14,10,ARIANA_GRANDE,Sweetener,22,52
W_O_R_K_I_N_M_E,442,R&B/Hip-hop,2018-08-25,188,10,QUAVO,,52,53
Ill_Never_Love_Again,198,Pop,2018-10-20,126,10,LADY_GAGA,A Star Is Born Soundtrack,36,54
Falling_Down,134,R&B/Hip-hop,2018-09-29,134,10,LIL_PEEP,"Come Over When You're Sober, Pt. 2",13,55
Break_Up_In_The_End,71,Country,2018-07-28,53,10,COLE_SWINDELL,All of It,49,56
Venom,441,R&B/Hip-hop,2018-10-20,78,10,EMINEM,Kamikaze,43,57
Lie,237,R&B/Hip-hop,2018-08-25,173,10,NF,Perception,58,58
Smile_(Living_My_Best_Life),377,R&B/Hip-hop,2018-09-08,141,10,LIL'_DUVAL,,56,59
Simple,370,Country,2018-06-16,84,10,FLORIDA_GEORGIA_LINE,Can't Say I Ain't Country,32,60
Pass_Out,323,R&B/Hip-hop,2018-10-27,188,10,QUAVO,QUAVO HUNCHO,61,61
Jackie_Chan,210,Dance,2018-07-21,214,10,TIESTO,,52,62
Speechless,381,Country,2018-09-22,55,10,DAN_+_SHAY,,63,63
Drew_Barrymore,110,R&B/Hip-hop,2018-08-25,35,10,BRYCE_VINE,,46,64
Blue_Tacoma,63,Country,2018-09-01,194,10,RUSSELL_DICKERSON,Yours,52,65
Lose_It,244,Country,2018-08-04,111,10,KANE_BROWN,Experiment,61,66
No_Stylist,302,R&B/Hip-hop,2018-10-06,86,10,FRENCH_MONTANA,No Stylist,47,67
Lost_In_Japan,248,Pop,2018-10-13,199,10,SHAWN_MENDES,Shawn Mendes,68,68
Best_Shot,5200,Country,2018-09-29,104,10,JIMMIE_ALLEN,Mercury Lane,69,69
Killshot,219,R&B/Hip-hop,2018-09-29,78,10,EMINEM,,3,70
Better,54,R&B/Hip-hop,2018-09-29,119,10,KHALID,Suncity,45,71
Drunk_Me,115,Country,2018-09-01,165,10,MITCHELL_TENPENNY,Telling All My Secrets,67,72
Dangerous,98,R&B/Hip-hop,2018-09-08,160,10,MEEK_MILL,Legends Of The Summer,73,73
Lucky_You,254,R&B/Hip-hop,2018-09-15,78,10,EMINEM,Kamikaze,6,74
You_Say,470,Christian,2018-07-28,128,10,LAUREN_DAIGLE,Look Up Child,44,75
Leave_Me_Alone,229,R&B/Hip-hop,2018-09-29,83,10,FLIPP_DINERO,,76,76
New_Patek,292,R&B/Hip-hop,2018-09-29,137,10,LIL_UZI_VERT,,24,77
Hangin_On,172,Country,2018-09-15,50,10,CHRIS_YOUNG,Losing Sleep,78,78
Hotel_Key,185,Country,2018-07-14,177,10,OLD_DOMINION,Happy Endings,48,79
Promises,333,Pop,2018-09-01,39,10,CALVIN_HARRIS,,65,80
Best_Part,52,R&B/Hip-hop,2018-08-04,56,10,DANIEL_CAESAR,Freudian,75,81
Thats_On_Me,407,R&B/Hip-hop,2018-08-11,229,10,YELLA_BEEZY,,69,82
Medicine,262,R&B/Hip-hop,2018-06-30,190,10,QUEEN_NAIJA,,54,83
Africa,15,Pop,2018-08-04,224,10,WEEZER,Weezer (Teal Album),51,84
Rich,344,Country,2018-10-27,153,10,MAREN_MORRIS,HERO,85,85
Biggest_Alley_Oop,60,R&B/Hip-hop,2018-10-27,188,10,QUAVO,QUAVO HUNCHO,86,86
Drunk_Girl,114,Pop,2018-09-08,47,10,CHRIS_JANSON,EVERYBODY,82,87
Rerun,341,R&B/Hip-hop,2018-10-27,188,10,QUAVO,QUAVO HUNCHO,88,88
Desperate_Man,102,Country,2018-10-20,80,10,ERIC_CHURCH,,68,89
This_Feeling,420,Pop,2018-10-27,210,10,THE_CHAINSMOKERS,Sick Boy,90,90
Dont_Cry,106,R&B/Hip-hop,2018-10-13,138,10,LIL_WAYNE,Tha Carter V,5,91
Noticed,308,R&B/Hip-hop,2018-10-20,133,10,LIL_MOSEY,Northsbest,92,92
Huncho_Dreams,187,R&B/Hip-hop,2018-10-27,188,10,QUAVO,QUAVO HUNCHO,93,93
Chanel_(Go_Get_It),83,R&B/Hip-hop,2018-10-27,231,10,YOUNG_THUG,Slime Language,94,94
Thunderclouds,427,Pop,2018-10-27,125,10,LABRINTH,"LABRINTH, SIA & DIPLO PRESENT... LSD",95,95
Sunrise_Sunburn_Sunset,391,Country,2018-07-14,147,10,LUKE_BRYAN,What Makes You Country,35,96
Electricity,121,Pop,2018-10-27,201,10,SILK_CITY,,97,97
Drowns_The_Whiskey,113,Country,2018-10-27,100,10,JASON_ALDEAN,Rearview Town,98,98
If_Im_Lyin_Im_Flyin,203,R&B/Hip-hop,2018-10-13,123,10,KODAK_BLACK,Dying To Live,56,99
Lose_It,245,R&B/Hip-hop,2018-10-27,188,10,QUAVO,QUAVO HUNCHO,100,100
Thank_U_Next,406,Pop,2018-11-17,14,11,ARIANA_GRANDE,"thank u, next",1,1
Sicko_Mode,367,R&B/Hip-hop,2018-08-18,217,11,TRAVIS_SCOTT,ASTROWORLD,2,2
Happier,173,Pop,2018-09-01,157,11,MARSHMELLO,,3,3
Without_Me,457,Pop,2018-10-20,92,11,HALSEY,,4,4
Girls_Like_You,156,Pop,2018-06-09,156,11,MAROON_5,Red Pill Blues,1,5
Lucid_Dreams,253,R&B/Hip-hop,2018-05-26,109,11,JUICE_WRLD,Goodbye & Good Riddance,2,6
Mo_Bamba,269,R&B/Hip-hop,2018-09-08,200,11,SHECK_WES,MUDBOY,7,7
High_Hopes,180,Pop,2018-09-01,180,11,PANIC!_AT_THE_DISCO,Pray For The Wicked,8,8
Zeze,475,R&B/Hip-hop,2018-10-27,123,11,KODAK_BLACK,Dying To Live,2,9
Drip_Too_Hard,112,R&B/Hip-hop,2018-09-29,131,11,LIL_BABY,Drip Harder,4,10
Better_Now,55,R&B/Hip-hop,2018-05-12,187,11,POST_MALONE,beerbongs & bentleys,3,11
Youngblood,472,Pop,2018-06-16,4,11,5_SECONDS_OF_SUMMER,Youngblood,7,12
Natural,284,Rock,2018-08-04,95,11,IMAGINE_DRAGONS,Origins,13,13
Breathin,72,Pop,2018-09-01,14,11,ARIANA_GRANDE,Sweetener,14,14
Taki_Taki,394,Pop,2018-10-13,69,11,DJ_SNAKE,,11,15
Bad!,36,R&B/Hip-hop,2018-11-24,227,11,XXXTENTACION,,16,16
Wake_Up_In_The_Sky,445,R&B/Hip-hop,2018-09-29,90,11,GUCCI_MANE,Evil Genius,14,17
Trip,436,R&B/Hip-hop,2018-08-18,76,11,ELLA_MAI,Ella Mai,11,18
MIA,265,R&B/Hip-hop,2018-10-27,17,11,BAD_BUNNY,,5,19
Love_Lies,249,R&B/Hip-hop,2018-03-03,119,11,KHALID,,9,20
Eastside,117,Pop,2018-07-28,22,11,BENNY_BLANCO,,18,21
Sunflower_(Spider-Man:_Into_The_Spider-Verse),389,R&B/Hip-hop,2018-11-03,187,11,POST_MALONE,Spider-Man: Into the Spider-Verse,9,22
God_Is_A_Woman,158,Pop,2018-07-28,14,11,ARIANA_GRANDE,Sweetener,8,23
Shallow,361,Pop,2018-10-13,126,11,LADY_GAGA,A Star Is Born Soundtrack,5,24
Money,272,R&B/Hip-hop,2018-11-03,41,11,CARDI_B,Invasion of Privacy,13,25
I_Like_It,192,R&B/Hip-hop,2018-04-21,41,11,CARDI_B,Invasion of Privacy,1,26
Taste,399,R&B/Hip-hop,2018-06-09,221,11,TYGA,,8,27
Lose_It,246,Country,2018-08-04,111,11,KANE_BROWN,Experiment,28,28
In_My_Feelings,206,R&B/Hip-hop,2018-07-14,70,11,DRAKE,Scorpion,1,29
Yes_Indeed,464,R&B/Hip-hop,2018-05-26,131,11,LIL_BABY,Harder Than Ever,6,30
Broken,73,Pop,2018-07-28,145,11,LOVELYTHEBAND,finding it hard to smile,29,31
Beautiful,44,R&B/Hip-hop,2018-08-18,19,11,BAZZI,COSMIC,31,32
Nonstop,304,R&B/Hip-hop,2018-07-14,70,11,DRAKE,Scorpion,2,33
Uproar,439,R&B/Hip-hop,2018-10-13,138,11,LIL_WAYNE,Tha Carter V,7,34
She_Got_The_Best_Of_Me,364,Country,2018-08-25,148,11,LUKE_COMBS,This One's For You Too,35,35
Tequila,404,Country,2018-03-31,55,11,DAN_+_SHAY,,21,36
Leave_Me_Alone,229,R&B/Hip-hop,2018-09-29,83,11,FLIPP_DINERO,,37,37
Speechless,381,Country,2018-09-22,55,11,DAN_+_SHAY,,38,38
Ring,347,R&B/Hip-hop,2018-09-01,41,11,CARDI_B,What Makes You Country,36,39
Bohemian_Rhapsody,66,Pop,2018-11-17,189,11,QUEEN,A Night At The Opera,33,40
I_Like_Me_Better,193,Pop,2018-02-24,129,11,LAUV,I met you when I was 18. (the playlist),27,41
FeFe,136,R&B/Hip-hop,2018-08-04,5,11,6IX9INE,DUMMY BOY,3,42
Bood_Up,67,R&B/Hip-hop,2018-04-14,76,11,ELLA_MAI,READY,5,43
Armed_And_Dangerous,27,R&B/Hip-hop,2018-11-24,109,11,JUICE_WRLD,Goodbye & Good Riddance,44,44
Sad!,356,R&B/Hip-hop,2018-03-17,227,11,XXXTENTACION,?,1,45
Best_Shot,5200,Country,2018-09-29,104,11,JIMMIE_ALLEN,Mercury Lane,46,46
Im_A_Mess,199,Pop,2018-07-28,20,11,BEBE_REXHA,Expectations,35,47
Psycho,334,R&B/Hip-hop,2018-03-10,187,11,POST_MALONE,beerbongs & bentleys,1,48
Big_Bank,57,R&B/Hip-hop,2018-07-07,230,11,YG,STAY DANGEROUS,16,49
Lie,237,R&B/Hip-hop,2018-08-25,173,11,NF,Perception,50,50
Better,54,R&B/Hip-hop,2018-09-29,119,11,KHALID,Suncity,34,51
Topanga,434,R&B/Hip-hop,2018-11-10,218,11,TRIPPIE_REDD,A Love Letter To You 3,52,52
Lost_In_Japan,248,Pop,2018-10-13,199,11,SHAWN_MENDES,Shawn Mendes,48,53
Drunk_Me,115,Country,2018-09-01,165,11,MITCHELL_TENPENNY,Telling All My Secrets,54,54
1400/999_Freestyle,6,R&B/Hip-hop,2018-11-24,218,11,TRIPPIE_REDD,A Love Letter To You 3,55,55
10_Freaky_Girls,5,R&B/Hip-hop,2018-11-17,162,11,METRO_BOOMIN,NOT ALL HEROES WEAR CAPES,42,56
Dangerous,98,R&B/Hip-hop,2018-09-08,160,11,MEEK_MILL,Legends Of The Summer,57,57
Close_Friends,87,R&B/Hip-hop,2018-10-20,131,11,LIL_BABY,Drip Harder,28,58
When_The_Partys_Over,453,Pop,2018-11-03,24,11,BILLIE_EILISH,"WHEN WE FALL ASLEEP, WHERE DO WE GO?",58,59
Arms_Around_You,28,R&B/Hip-hop,2018-11-10,227,11,XXXTENTACION,,28,60
Thats_On_Me,407,R&B/Hip-hop,2018-08-11,229,11,YELLA_BEEZY,,57,61
Smile_(Living_My_Best_Life),377,R&B/Hip-hop,2018-09-08,141,11,LIL'_DUVAL,,56,62
Dont_Come_Out_The_House,105,R&B/Hip-hop,2018-11-17,162,11,METRO_BOOMIN,NOT ALL HEROES WEAR CAPES,38,63
You_Say,470,Christian,2018-07-28,128,11,LAUREN_DAIGLE,Look Up Child,44,64
Fine_China,140,R&B/Hip-hop,2018-11-03,87,11,FUTURE,Future & Juice WRLD Present... WRLD ON DRUGS,26,65
Space_Cadet,380,R&B/Hip-hop,2018-11-17,162,11,METRO_BOOMIN,NOT ALL HEROES WEAR CAPES,51,66
Hangin_On,172,Country,2018-09-15,50,11,CHRIS_YOUNG,Losing Sleep,63,67
Rich,344,Country,2018-10-27,153,11,MAREN_MORRIS,HERO,68,68
No_Stylist,302,R&B/Hip-hop,2018-10-06,86,11,FRENCH_MONTANA,No Stylist,47,69
Never_Recover,289,R&B/Hip-hop,2018-10-20,131,11,LIL_BABY,Drip Harder,15,70
I_Love_It,195,R&B/Hip-hop,2018-09-22,112,11,KANYE_WEST,,6,71
Falling_Down,134,R&B/Hip-hop,2018-09-29,134,11,LIL_PEEP,"Come Over When You're Sober, Pt. 2",13,72
Love_Scars_3,250,R&B/Hip-hop,2018-11-24,218,11,TRIPPIE_REDD,A Love Letter To You 3,73,73
Backin_It_Up,33,R&B/Hip-hop,2018-11-03,181,11,PARDISON_FONTAINE,,74,74
Burning_Man,76,Country,2018-11-03,66,11,DIERKS_BENTLEY,The Mountain,75,75
Blue_Tacoma,63,Country,2018-09-01,194,11,RUSSELL_DICKERSON,Yours,52,76
This_Feeling,420,Pop,2018-11-10,210,11,THE_CHAINSMOKERS,Sick Boy,77,77
Dip,104,R&B/Hip-hop,2018-11-10,221,11,TYGA,,63,78
Bad_Liar,35,Rock,2018-11-24,95,11,IMAGINE_DRAGONS,Origins,79,79
Talk_To_Me,397,R&B/Hip-hop,2018-11-10,216,11,TORY_LANEZ,,76,80
Be_Alright,42,Pop,2018-11-10,60,11,DEAN_LEWIS,,81,81
W_O_R_K_I_N_M_E,442,R&B/Hip-hop,2018-08-25,188,11,QUAVO,,52,82
Consequences,91,Pop,2018-11-17,40,11,CAMILA_CABELLO,Camila,83,83
Best_Part,52,R&B/Hip-hop,2018-08-04,56,11,DANIEL_CAESAR,Freudian,75,84
Always_Remember_Us_This_Way,24,Pop,2018-10-20,126,11,LADY_GAGA,A Star Is Born Soundtrack,41,85
Ella_Quiere_Beber,123,R&B/Hip-hop,2018-11-17,13,11,ANUEL_AA,,86,86
Mona_Lisa,271,R&B/Hip-hop,2018-10-13,138,11,LIL_WAYNE,Tha Carter V,2,87
Stoopid,385,R&B/Hip-hop,2018-10-20,5,11,6IX9INE,DUMMY BOY,25,88
Negative_Energy,286,R&B/Hip-hop,2018-11-24,218,11,TRIPPIE_REDD,A Love Letter To You 3,89,89
Noticed,308,R&B/Hip-hop,2018-10-20,133,11,LIL_MOSEY,Northsbest,80,90
Sixteen,374,Country,2018-11-24,213,11,THOMAS_RHETT,Life Changes,91,91
Lucky_You,254,R&B/Hip-hop,2018-09-15,78,11,EMINEM,Kamikaze,6,92
Good_Girl,163,Country,2018-11-24,72,11,DUSTIN_LYNCH,,93,93
Desperate_Man,102,Country,2018-11-24,80,11,ERIC_CHURCH,,94,94
Last_Shot,227,Country,2018-11-24,122,11,KIP_MOORE,SLOWHEART,95,95
Millionaire,267,Rock,2018-11-24,49,11,CHRIS_STAPLETON,From A Room: Volume 2,96,96
Ill_Never_Love_Again,198,Pop,2018-10-20,126,11,LADY_GAGA,A Star Is Born Soundtrack,36,97
Toxic_Waste,435,R&B/Hip-hop,2018-11-24,218,11,TRIPPIE_REDD,A Love Letter To You 3,98,98
Drew_Barrymore,110,R&B/Hip-hop,2018-08-25,35,11,BRYCE_VINE,,46,99
Jackie_Chan,210,Dance,2018-07-21,214,11,TIESTO,,52,100
Thank_U_Next,406,Pop,2018-11-17,14,12,ARIANA_GRANDE,"thank u, next",1,1
Without_Me,457,Pop,2018-10-20,92,12,HALSEY,,2,2
Sicko_Mode,367,R&B/Hip-hop,2018-08-18,217,12,TRAVIS_SCOTT,ASTROWORLD,1,3
Sunflower_(Spider-Man:_Into_The_Spider-Verse),389,R&B/Hip-hop,2018-11-03,187,12,POST_MALONE,Spider-Man: Into the Spider-Verse,4,4
Happier,173,Pop,2018-09-01,157,12,MARSHMELLO,,3,5
High_Hopes,180,Pop,2018-09-01,180,12,PANIC!_AT_THE_DISCO,Pray For The Wicked,5,6
All_I_Want_For_Christmas_Is_You,19,Holiday,2018-12-01,154,12,MARIAH_CAREY,Merry Christmas,6,7
Zeze,475,R&B/Hip-hop,2018-10-27,123,12,KODAK_BLACK,Dying To Live,2,8
Drip_Too_Hard,112,R&B/Hip-hop,2018-09-29,131,12,LIL_BABY,Drip Harder,4,9
Its_The_Most_Wonderful_Time_Of_The_Year,209,Holiday,2018-12-08,12,12,ANDY_WILLIAMS,The Andy Williams Christmas Album,10,10
Rockin_Around_The_Christmas_Tree,350,Holiday,2018-12-08,31,12,BRENDA_LEE,Merry Christmas From Brenda Lee,11,11
A_Holly_Jolly_Christmas,13,Holiday,2018-12-08,37,12,BURL_IVES,Have A Holly Jolly Christmas,12,12
Jingle_Bell_Rock,212,Holiday,2018-12-08,30,12,BOBBY_HELMS,,13,13
Wake_Up_In_The_Sky,445,R&B/Hip-hop,2018-09-29,90,12,GUCCI_MANE,Evil Genius,11,14
Girls_Like_You,156,Pop,2018-06-09,156,12,MAROON_5,Red Pill Blues,1,15
Mo_Bamba,269,R&B/Hip-hop,2018-09-08,200,12,SHECK_WES,MUDBOY,6,16
The_Christmas_Song_(Merry_Christmas_To_You),410,Jazz,2018-12-08,171,12,NAT_KING_COLE,The Christmas Song,17,17
Eastside,117,Pop,2018-07-28,22,12,BENNY_BLANCO,,16,18
Breathin,72,Pop,2018-09-01,14,12,ARIANA_GRANDE,Sweetener,12,19
Youngblood,472,Pop,2018-06-16,4,12,5_SECONDS_OF_SUMMER,Youngblood,7,20
Better_Now,55,R&B/Hip-hop,2018-05-12,187,12,POST_MALONE,beerbongs & bentleys,3,21
Going_Bad,160,R&B/Hip-hop,2018-12-15,160,12,MEEK_MILL,Championships,6,22
Lucid_Dreams,253,R&B/Hip-hop,2018-05-26,109,12,JUICE_WRLD,Goodbye & Good Riddance,2,23
Imagine,204,Pop,2018-12-29,14,12,ARIANA_GRANDE,"thank u, next",24,24
Taki_Taki,394,Pop,2018-10-13,69,12,DJ_SNAKE,,11,25
MIA,265,R&B/Hip-hop,2018-10-27,17,12,BAD_BUNNY,,5,26
Last_Christmas,226,Holiday,2018-12-08,225,12,WHAM!,LAST CHRISTMAS,27,27
Rudolph_The_Red-Nosed_Reindeer,355,Holiday,2018-12-15,89,12,GENE_AUTRY,Rudolph The Red Nosed Reindeer And Other Christmas Classics,27,28
Trip,436,R&B/Hip-hop,2018-08-18,76,12,ELLA_MAI,Ella Mai,11,29
Money,272,R&B/Hip-hop,2018-11-03,41,12,CARDI_B,,13,30
Leave_Me_Alone,229,R&B/Hip-hop,2018-09-29,83,12,FLIPP_DINERO,,27,31
Let_It_Snow_Let_It_Snow_Let_It_Snow,232,Holiday,2018-12-15,61,12,DEAN_MARTIN,A Winter Romance,32,32
Sleigh_Ride,376,Holiday,2018-12-22,211,12,THE_RONETTES,A Christmas Gift For You From Phil Spector,33,33
Feliz_Navidad,137,Latin,2018-12-22,108,12,JOSE_FELICIANO,Feliz Navidad,34,34
Here_Comes_Santa_Claus_(Down_Santa_Claus_Lane),179,Holiday,2018-12-22,89,12,GENE_AUTRY,Rudolph The Red Nosed Reindeer And Other Christmas Classics,35,35
Speechless,381,Country,2018-09-22,55,12,DAN_+_SHAY,,33,36
Love_Lies,249,R&B/Hip-hop,2018-03-03,119,12,KHALID,,9,37
Beautiful,44,R&B/Hip-hop,2018-08-18,19,12,BAZZI,COSMIC,30,38
Better,54,R&B/Hip-hop,2018-09-29,119,12,KHALID,Suncity,29,39
I_Like_It,192,R&B/Hip-hop,2018-04-21,41,12,CARDI_B,Invasion of Privacy,1,40
(Theres_No_Place_Like)_Home_For_The_Holidays,3,Holiday,2018-12-29,183,12,PERRY_COMO,The Classic Christmas Album,41,41
Its_Beginning_To_Look_A_Lot_Like_Christmas,208,Holiday,2018-12-29,183,12,PERRY_COMO,The Classic Christmas Album,42,42
Natural,284,Rock,2018-08-04,95,12,IMAGINE_DRAGONS,Origins,13,43
Shallow,361,Pop,2018-10-13,126,12,LADY_GAGA,A Star Is Born Soundtrack,5,44
Happy_Xmas_(War_Is_Over),174,Holiday,2018-12-29,105,12,JOHN_&_YOKO,,45,45
Calling_My_Spirit,78,R&B/Hip-hop,2018-12-15,123,12,KODAK_BLACK,Dying To Live,46,46
Wonderful_Christmastime,460,Holiday,2018-12-29,182,12,PAUL_McCARTNEY,McCartney II,47,47
White_Christmas,455,Jazz,2018-12-29,25,12,BING_CROSBY,White Christmas,48,48
Uproar,439,R&B/Hip-hop,2018-10-13,138,12,LIL_WAYNE,Tha Carter V,7,49
Christmas_(Baby_Please_Come_Home),85,Pop,2018-12-29,58,12,DARLENE_LOVE,A Christmas Gift For You From Phil Spector,50,50
She_Got_The_Best_Of_Me,364,Country,2018-08-25,148,12,LUKE_COMBS,This One's For You Too,34,51
Bad!,36,R&B/Hip-hop,2018-11-24,227,12,XXXTENTACION,,16,52
Dangerous,98,R&B/Hip-hop,2018-09-08,160,12,MEEK_MILL,Legends Of The Summer,31,53
Drunk_Me,115,Country,2018-09-01,165,12,MITCHELL_TENPENNY,Telling All My Secrets,53,54
Best_Shot,5200,Country,2018-09-29,104,12,JIMMIE_ALLEN,Mercury Lane,46,55
Nothing_Breaks_Like_A_Heart,306,Pop,2018-12-15,155,12,MARK_RONSON,,56,56
Close_To_Me,88,Pop,2018-12-01,77,12,ELLIE_GOULDING,,57,57
MoshPit,278,R&B/Hip-hop,2018-12-29,123,12,KODAK_BLACK,Dying To Live,58,58
You_Say,470,Christian,2018-07-28,128,12,LAUREN_DAIGLE,Look Up Child,44,59
Armed_And_Dangerous,27,R&B/Hip-hop,2018-11-24,109,12,JUICE_WRLD,Goodbye & Good Riddance,44,60
Talk_To_Me,397,R&B/Hip-hop,2018-11-10,216,12,TORY_LANEZ,,61,61
Arms_Around_You,28,R&B/Hip-hop,2018-11-10,227,12,XXXTENTACION,,28,62
Be_Alright,42,Pop,2018-11-10,60,12,DEAN_LEWIS,,63,63
Backin_It_Up,33,R&B/Hip-hop,2018-11-03,181,12,PARDISON_FONTAINE,,64,64
Burning_Man,76,Country,2018-11-03,66,12,DIERKS_BENTLEY,The Mountain,65,65
This_Feeling,420,Pop,2018-11-10,210,12,THE_CHAINSMOKERS,Sick Boy,66,66
Sixteen,374,Country,2018-11-24,213,12,THOMAS_RHETT,Life Changes,67,67
Cozy_Little_Christmas,94,Pop,2018-12-29,113,12,KATY_PERRY,,68,68
Consequences,91,Pop,2018-11-17,40,12,CAMILA_CABELLO,Camila,69,69
Pure_Cocaine,335,R&B/Hip-hop,2018-12-15,131,12,LIL_BABY,Street Gossip,46,70
Girl_Like_You,155,Country,2018-12-22,100,12,JASON_ALDEAN,Rearview Town,71,71
Good_Girl,163,Country,2018-11-24,72,12,DUSTIN_LYNCH,,72,72
No_Stylist,302,R&B/Hip-hop,2018-10-06,86,12,FRENCH_MONTANA,No Stylist,47,73
Testimony,405,R&B/Hip-hop,2018-12-29,123,12,KODAK_BLACK,Dying To Live,74,74
You,467,R&B/Hip-hop,2018-12-08,98,12,JACQUEES,4275,75,75
Kika,218,R&B/Hip-hop,2018-12-08,5,12,6IX9INE,DUMMY BOY,44,76
When_The_Partys_Over,453,Pop,2018-11-03,24,12,BILLIE_EILISH,"WHEN WE FALL ASLEEP, WHERE DO WE GO?",52,77
Last_Shot,227,Country,2018-12-22,122,12,KIP_MOORE,SLOWHEART,78,78
whoa_(mind_in_awe),456,R&B/Hip-hop,2018-12-22,227,12,XXXTENTACION,SKINS,37,79
Ella_Quiere_Beber,123,R&B/Hip-hop,2018-11-17,13,12,ANUEL_AA,,79,80
Beautiful_Crazy,45,Country,2018-12-22,148,12,LUKE_COMBS,This One's For You Too,81,81
Fine_China,140,R&B/Hip-hop,2018-11-03,87,12,FUTURE,Future & Juice WRLD Present... WRLD ON DRUGS,26,82
Lost_In_Japan,248,Pop,2018-10-13,199,12,SHAWN_MENDES,Shawn Mendes,48,83
This_Is_It,422,Country,2018-12-22,197,12,SCOTTY_McCREERY,Seasons Change,84,84
Smile_(Living_My_Best_Life),377,R&B/Hip-hop,2018-09-08,141,12,LIL'_DUVAL,,56,85
Close_Friends,87,R&B/Hip-hop,2018-10-20,131,12,LIL_BABY,Drip Harder,28,86
Sweet_But_Psycho,392,Pop,2018-12-29,15,12,AVA_MAX,,87,87
Gnarly,157,R&B/Hip-hop,2018-12-29,123,12,KODAK_BLACK,Dying To Live,88,88
Lovely,252,Pop,2018-12-29,24,12,BILLIE_EILISH,,89,89
The_Christmas_Song,409,Christian,2018-12-29,128,12,LAUREN_DAIGLE,Behold,90,90
Envy_Me,126,R&B/Hip-hop,2018-12-29,38,12,CALBOY,,91,91
Yosemite,466,R&B/Hip-hop,2018-12-22,217,12,TRAVIS_SCOTT,ASTROWORLD,92,92
Electricity,121,Pop,2018-12-29,201,12,SILK_CITY,,93,93
Good_Form,162,R&B/Hip-hop,2018-12-15,174,12,NICKI_MINAJ,Queen,60,94
Millionaire,267,Rock,2018-12-29,49,12,CHRIS_STAPLETON,From A Room: Volume 2,95,95
Look_Back_At_It,243,R&B/Hip-hop,2018-12-22,7,12,A_BOOGIE_WIT_DA_HOODIE,Hoodie SZN,95,96
24/7,7,R&B/Hip-hop,2018-12-15,160,12,MEEK_MILL,Championships,54,97
Uptown_Vibes,440,R&B/Hip-hop,2018-12-15,160,12,MEEK_MILL,Championships,39,98
Nuketown,309,R&B/Hip-hop,2018-12-15,202,12,SKI_MASK_THE_SLUMP_GOD,STOKELEY,63,99
Mama,257,R&B/Hip-hop,2018-12-08,5,12,6IX9INE,DUMMY BOY,43,100